ClsPric,TtlTradgVol,TradDt,TckrSymb
784.0,76569,2025-03-13,ZOTA
5125.75,401647,2025-03-13,PERSISTENT
92.03,58833,2025-03-13,SSDL
5118.55,367022,2025-03-13,ABB
3252.0,996,2025-03-13,BANARISUG
172.11,157803,2025-03-13,INDOFARM
411.2,7810,2025-03-13,MANORG
374.25,488143,2025-03-13,TARIL
35.26,7234125,2025-03-13,UJJIVANSFB
1553.25,17360,2025-03-13,VINATIORGA
153.22,873831,2025-03-13,REDTAPE
229.68,63321,2025-03-13,ARTEMISMED
241.92,65735,2025-03-13,ASIANENE
244.52,32682,2025-03-13,NIFTY1
2316.0,2934181,2025-03-13,MAZDOCK
3312.65,947,2025-03-13,NDGL
19.53,91288,2025-03-13,SURANAT&P
1656.35,4232,2025-03-13,THEJO
1104.5,12758,2025-03-13,TTKHLTCARE
54.74,1548675,2025-03-13,FMCGIETF
643.75,45744,2025-03-13,SPAL
961.6,412914,2025-03-13,ARE&M
127.32,831651,2025-03-13,BOMDYEING
332.7,424973,2025-03-13,CAPACITE
60.7,814482,2025-03-13,IOLCP
514.1,4303396,2025-03-13,JSWENERGY
350.5,395471,2025-03-13,LATENTVIEW
16.89,2010326,2025-03-13,MOTISONS
74.33,8234957,2025-03-13,GMRAIRPORT
2214.25,42063,2025-03-13,POLYMED
62.58,41294,2025-03-13,AHLADA
77.7,6005,2025-03-13,AUSOMENT
157.99,21580,2025-03-13,AVROIND
37.19,33436,2025-03-13,CORALFINAC
97.46,8457,2025-03-13,LAGNAM
270.06,470339,2025-03-13,MIDHANI
219.08,11778,2025-03-13,SREEL
8.53,5790858,2025-03-13,TATAGOLD
1278.25,74499,2025-03-13,VENUSPIPES
249.86,571118,2025-03-13,NIFTYIETF
450.85,86821,2025-03-13,PDSL
87.2,14771127,2025-03-13,PNB
412.3,19063,2025-03-13,REPRO
77.05,49059,2025-03-13,BSLGOLDETF
104.96,51339,2025-03-13,APCL
310.3,231867,2025-03-13,ASHAPURMIN
30.34,591342,2025-03-13,BASML
1841.95,67810,2025-03-13,CAPLIPOINT
159.08,265415,2025-03-13,CGCL
15.89,10847871,2025-03-13,JYOTISTRUC
15035.55,2047,2025-03-13,LMW
521.15,42241,2025-03-13,LUMAXTECH
614.05,65516,2025-03-13,SIYSIL
2441.0,24912,2025-03-13,TIIL
24.92,606,2025-03-13,NIF10GETF
1114.25,60810,2025-03-13,DHANUKA
24.27,36061,2025-03-13,HDFCPVTBAN
15.02,256511,2025-03-13,MIDSELIETF
899.8,368733,2025-03-13,PVRINOX
8590.65,7496,2025-03-13,IWEL
18.64,449799,2025-03-13,LOWVOL1
478.75,67601,2025-03-13,SOLARA
804.4,1810,2025-03-13,UTISENSETF
149.18,224238,2025-03-13,DCMSRIND
70.21,244719,2025-03-13,DOLATALGO
905.85,14850,2025-03-13,EXCELINDUS
3396.15,1229721,2025-03-13,HAL
362.45,6044,2025-03-13,NITIRAJ
170.81,15937,2025-03-13,OCCL
795.95,44354,2025-03-13,RPSGVENT
1406.55,20070,2025-03-13,SASKEN
97.53,136757,2025-03-13,SBISILVER
5541.15,24497,2025-03-13,ATUL
571.65,394716,2025-03-13,AWFIS
1039.25,1894793,2025-03-13,BHARATFORG
490.4,1811762,2025-03-13,INDIANB
73.32,1365289,2025-03-13,GOLD1
290.45,52722,2025-03-13,SHREEPUSHK
246.84,4324,2025-03-13,NPBET
1591.0,18522,2025-03-13,ZYDUSWELL
5199.3,19078,2025-03-13,CERA
40.7,9511951,2025-03-13,IFCI
73.63,17328,2025-03-13,KHAITANLTD
204.85,237944,2025-03-13,STARCEMENT
7.71,1668216,2025-03-13,STEELXIND
2779.05,17377,2025-03-13,STYRENIX
61.42,63319,2025-03-13,PREMIERPOL
2475.1,124744,2025-03-13,RATNAMANI
220.45,73068,2025-03-13,DBCORP
109.37,3673788,2025-03-13,EMBDL
422.5,62867,2025-03-13,NIITMTS
128.41,1497,2025-03-13,SDL26BEES
352.3,6162,2025-03-13,AARON
18.89,262236,2025-03-13,ASHIMASYN
739.5,9815,2025-03-13,CHEMFAB
578.77,4843,2025-03-13,PSUBANK
237.45,595453,2025-03-13,TI
341.7,93495,2025-03-13,SANDHAR
386.36,701,2025-03-13,AXISTECETF
19.09,5937946,2025-03-13,BAJAJHIND
149.08,1056886,2025-03-13,CUB
211.21,3271,2025-03-13,KAPSTON
12.81,2303018,2025-03-13,MIRCELECTR
372.35,15067,2025-03-13,URAVIDEF
0.75,427446,2025-03-13,VCL
86.98,334643,2025-03-13,VINCOFE
91.76,350804,2025-03-13,ABINFRA
7504.7,454776,2025-03-13,BAJAJ-AUTO
277.9,311900,2025-03-13,BARBEQUE
251.95,41440,2025-03-13,SIMPLEXINF
1555.9,9421,2025-03-13,SUMMITSEC
34.0,23084,2025-03-13,VINEETLAB
183.55,142339,2025-03-13,WEL
30.79,1295214,2025-03-13,DEN
577.95,43754,2025-03-13,DYCL
142.12,320037,2025-03-13,SATIN
100.28,1526135,2025-03-13,GMRP&UI
37.53,135092,2025-03-13,GULFPETRO
267.65,9270442,2025-03-13,POWERGRID
1247.9,9505270,2025-03-13,RELIANCE
29.68,30261,2025-03-13,AGROPHOS
70.63,67693,2025-03-13,BALAXI
106.62,477954,2025-03-13,KELLTONTEC
139.42,15091,2025-03-13,NV20
50.8,3901960,2025-03-13,MSUMI
90.35,293442,2025-03-13,MUKANDLTD
31.04,12862,2025-03-13,SELMC
0.63,1494446,2025-03-13,SHRENIK
3638.8,32105,2025-03-13,SKFINDIA
294.05,502700,2025-03-13,GODIGIT
22.62,20669516,2025-03-13,HCC
13.63,465587,2025-03-13,NV20IETF
52.0,9932,2025-03-13,OBCL
1129.6,672238,2025-03-13,PRESTIGE
83.3,8457,2025-03-13,ALKALI
540.4,26435,2025-03-13,CHEMBOND
75.05,1196988,2025-03-13,JTLIND
11513.8,260736,2025-03-13,MARUTI
4927.9,408699,2025-03-13,SIEMENS
570.4,189227,2025-03-13,SUNTV
409.65,40394,2025-03-13,TMB
24.3,326256,2025-03-13,UDAICEMENT
129.0,70594,2025-03-13,VSTL
148.75,465951,2025-03-13,WALCHANNAG
13.2,2424409,2025-03-13,HATHWAY
524.85,455970,2025-03-13,PRAJIND
72.73,7712,2025-03-13,QGOLDHALF
241.68,65841,2025-03-13,SASTASUNDR
280.07,38015489,2025-03-13,BEL
358.9,899233,2025-03-13,SONATSOFTW
48.81,420,2025-03-13,BANKETFADD
37.09,12572,2025-03-13,ITETFADD
131.65,100,2025-03-13,HEALTHADD
1784.0,54556,2025-03-13,HIL
250.1,281531,2025-03-13,PLATIND
329.35,5491120,2025-03-13,RVNL
12.4,4864544,2025-03-13,SBC
205.52,8576303,2025-03-13,BANKBARODA
437.35,16891,2025-03-13,BFINVEST
13.41,77286,2025-03-13,HEALTHY
21.33,131363,2025-03-13,LASA
320.9,854509,2025-03-13,TDPOWERSYS
139.35,840483,2025-03-13,TFCILTD
67.14,267689,2025-03-13,FOCUS
180.76,3582902,2025-03-13,HUDCO
33.93,138169,2025-03-13,BSE500IETF
1542.15,444105,2025-03-13,NH
247.44,10607,2025-03-13,SETF10GILT
133.02,12643,2025-03-13,AHLEAST
11.11,10578,2025-03-13,BINANIIND
1107.25,125306,2025-03-13,CARERATING
10.1,2071494,2025-03-13,OILIETF
12.4,716597,2025-03-13,MOKSH
986.75,147013,2025-03-13,DCMSHRIRAM
73.64,145802,2025-03-13,GHCLTEXTIL
341.1,87916,2025-03-13,HARIOMPIPE
999.99,830280,2025-03-13,LIQUIDIETF
89.76,10296,2025-03-13,RAMAPHO
340.2,238464,2025-03-13,AARTIDRUGS
20.73,124066,2025-03-13,ACEINTEG
38.82,71084,2025-03-13,IT
1055.25,1369790,2025-03-13,LODHA
23.83,191196,2025-03-13,BFSI
27.39,4482247,2025-03-13,RENUKA
66.29,151377,2025-03-13,UFO
734.35,231413,2025-03-13,VENTIVE
1118.15,252660,2025-03-13,DEEPAKFERT
329.75,443175,2025-03-13,FMGOETZE
243.2,693221,2025-03-13,GENUSPOWER
170.33,1234515,2025-03-13,HINDOILEXP
64.16,1356739,2025-03-13,PSUBNKBEES
132.86,1256,2025-03-13,AXISHCETF
45.43,7860612,2025-03-13,MAHABANK
139.69,3683,2025-03-13,KAKATCEM
556.45,23907,2025-03-13,MONTECARLO
3511.05,1693004,2025-03-13,TCS
101.99,234272,2025-03-13,GARUDA
867.45,234343,2025-03-13,GOKEX
156.63,275391,2025-03-13,GULPOLY
197.05,258793,2025-03-13,HITECHCORP
321.0,382215,2025-03-13,PREMEXPLN
70.42,54857,2025-03-13,RUBFILA
8.23,189026,2025-03-13,ACCURACY
1626.2,30473,2025-03-13,ALKYLAMINE
672.8,542477,2025-03-13,BIKAJI
248.05,248060,2025-03-13,CAMPUS
451.2,5343,2025-03-13,IFBAGRO
515.6,1129709,2025-03-13,LICHSGFIN
57.06,46099,2025-03-13,LOTUSEYE
118.29,133402,2025-03-13,SPECIALITY
72.09,34480,2025-03-13,TPLPLASTEH
390.9,54887,2025-03-13,FDC
27.21,337584,2025-03-13,GENCON
214.96,1957464,2025-03-13,GREAVESCOT
251.06,3161426,2025-03-13,NIFTYBEES
13394.25,7655,2025-03-13,PGHH
12.15,143112,2025-03-13,PILITA
908.3,9151,2025-03-13,ALLDIGI
889.7,1009777,2025-03-13,JINDALSTEL
596.35,982164,2025-03-13,JUBLFOOD
22.49,2513,2025-03-13,KHANDSE
220.08,1841,2025-03-13,TAINWALCHM
629.05,143204,2025-03-13,WONDERLA
1533.5,385694,2025-03-13,OBEROIRLTY
827.35,120379,2025-03-13,APLLTD
7675.55,59650,2025-03-13,ASTRAZEN
54.58,77649,2025-03-13,AVTNPL
205.21,37468,2025-03-13,NAHARSPING
114.72,311888,2025-03-13,EKC
1021.9,374497,2025-03-13,FAIRCHEMOR
470.65,393210,2025-03-13,GRANULES
74.89,5247565,2025-03-13,HDFCGOLD
125.67,24171,2025-03-13,HDFCVALUE
3347.55,31975,2025-03-13,SCHAEFFLER
1.06,139674,2025-03-13,ANTGRAPHIC
171.74,92536,2025-03-13,AURUM
842.55,2101841,2025-03-13,AVANTIFEED
10.02,1352242,2025-03-13,AXITA
227.7,14152,2025-03-13,NRAIL
164.06,39970,2025-03-13,SKMEGGPROD
187.48,77372,2025-03-13,VSSL
2657.8,62016,2025-03-13,GLAXO
33850.45,2337,2025-03-13,HONAUT
41.49,5780878,2025-03-13,NETWORK18
1531.8,1500,2025-03-13,NILKAMAL
510.25,133626,2025-03-13,AKUMS
620.0,26148,2025-03-13,CONTROLPR
1645.75,92308,2025-03-13,IKS
520.65,44109,2025-03-13,RUSTOMJEE
606.3,689569,2025-03-13,MARICO
175.98,1020431,2025-03-13,MON100
191.59,10250,2025-03-13,NAHARPOLY
12.14,4658532,2025-03-13,SUBEXLTD
920.05,542664,2025-03-13,SUNDRMFAST
4353.05,5935,2025-03-13,ESABINDIA
808.0,71182,2025-03-13,GALAPREC
1025.8,631099,2025-03-13,GODREJCP
7.91,63165,2025-03-13,GVPTECH
248.44,105282,2025-03-13,HDFCNIFTY
763.65,68162,2025-03-13,NELCO
885.1,28063,2025-03-13,NESCO
247.01,4288,2025-03-13,SAHYADRI
384.95,128143,2025-03-13,CIEINDIA
2171.3,15270,2025-03-13,LUMAXIND
1081.65,505828,2025-03-13,SIGNATURE
64.7,275629,2025-03-13,TNPETRO
96.15,113978,2025-03-13,SILVERETF
258.55,286189,2025-03-13,VSTIND
322.9,1289694,2025-03-13,ZAGGLE
107.54,4520855,2025-03-13,LIQUIDCASE
509.6,379440,2025-03-13,GABRIEL
383.85,152464,2025-03-13,HIKAL
780.0,34543,2025-03-13,PUNJABCHEM
816.45,67156,2025-03-13,AGIIL
150.55,60036,2025-03-13,BHAGERIA
245.5,105211,2025-03-13,IRMENERGY
354.05,1282853,2025-03-13,STARHEALTH
273.35,139715,2025-03-13,GOCLCORP
787.35,92022,2025-03-13,RIIL
679.0,123713,2025-03-13,63MOONS
240.05,1820198,2025-03-13,ABFRL
41.54,2822442,2025-03-13,IOB
78.31,27417,2025-03-13,MANGALAM
50.41,955211,2025-03-13,MMTC
5217.25,13876,2025-03-13,NSIL
2.99,2534358,2025-03-13,VIKASLIFE
12.59,38521111,2025-03-13,EASEMYTRIP
250.13,681634,2025-03-13,GMDCLTD
488.05,44216,2025-03-13,HGS
185.86,4513074,2025-03-13,NCC
1501.75,21995,2025-03-13,PRIVISCL
5481.55,103085,2025-03-13,APARINDS
390.5,57541,2025-03-13,AVADHSUGAR
73.15,147589,2025-03-13,AXISGOLD
142.76,7084,2025-03-13,BBTCL
195.97,169804,2025-03-13,MVGJL
168.81,139,2025-03-13,MOQUALITY
8538.7,15100,2025-03-13,TASTYBITE
219.44,12756,2025-03-13,UNIDT
1174.0,35795,2025-03-13,ENTERO
1276.45,4505,2025-03-13,ACCELYA
512.0,5102613,2025-03-13,ADANIPOWER
86.31,17561,2025-03-13,ARCHIDPLY
98.65,15827,2025-03-13,AXISILVER
13.45,42104631,2025-03-13,JPPOWER
41.37,1067699,2025-03-13,ALPHA
42.19,2997,2025-03-13,MADHAV
587.55,331961,2025-03-13,STAR
5.15,164848,2025-03-13,GANGAFORGE
868.0,399117,2025-03-13,HATSUN
8.76,3436738,2025-03-13,METALIETF
258.95,444732,2025-03-13,PNCINFRA
382.75,674427,2025-03-13,AARTIIND
733.05,102059,2025-03-13,AHLUCONT
31.8,310329,2025-03-13,INDTERRAIN
669.0,27471,2025-03-13,JINDALPOLY
136.22,555043,2025-03-13,SEQUENT
294.6,300435,2025-03-13,SURAJEST
128.58,706702,2025-03-13,THOMASCOOK
140.87,2766,2025-03-13,UNIENTER
1327.3,282659,2025-03-13,WABAG
469.1,68727,2025-03-13,VRLLOG
5.75,2347,2025-03-13,DCMFINSERV
19.21,210329,2025-03-13,DIGISPICE
57.99,2551,2025-03-13,PSUBANKADD
312.6,8421,2025-03-13,GALLANTT
1554.85,141236,2025-03-13,GLAND
70.4,174805,2025-03-13,HILTON
77.57,11512350,2025-03-13,NHPC
375.5,4620549,2025-03-13,OIL
4065.35,36328,2025-03-13,PFIZER
311.25,227893,2025-03-13,REPCOHOME
61.47,346391,2025-03-13,RICOAUTO
541.05,2029635,2025-03-13,SARDAEN
103.12,11091,2025-03-13,AARVI
95.65,14116,2025-03-13,AIROLAM
341.3,9984,2025-03-13,IFGLEXPOR
68.27,192566,2025-03-13,INTLCONV
218.0,56448,2025-03-13,KAYA
497.35,457482,2025-03-13,TRANSRAILL
1334.9,131722,2025-03-13,VINDHYATEL
820.25,23013,2025-03-13,DECCANCE
992.9,62272,2025-03-13,DODLA
83.11,331093,2025-03-13,FOODSIN
281.0,2298329,2025-03-13,PETRONET
864.85,1427481,2025-03-13,360ONE
4.83,312684,2025-03-13,BHANDARI
297.55,612254,2025-03-13,JKPAPER
289.3,43190,2025-03-13,LIBERTSHOE
109.23,82897,2025-03-13,STCINDIA
1415.65,11117,2025-03-13,VEEDOL
16.19,62477298,2025-03-13,YESBANK
10.17,134316,2025-03-13,AONETOTAL
147.2,24,2025-03-13,ARVEE
193.33,6439500,2025-03-13,BHEL
2411.7,454119,2025-03-13,COLPAL
312.4,22244,2025-03-13,INFOBEAN
990.7,1963406,2025-03-13,MAXHEALTH
67.64,1659066,2025-03-13,SHRIRAMPPS
825.35,278253,2025-03-13,SHYAMMETL
239.66,40316,2025-03-13,NETF
129.68,898944,2025-03-13,TVSSCS
136.37,155944,2025-03-13,GPTHEALTH
404.3,211246,2025-03-13,NAVA
4126.9,71524,2025-03-13,NAVINFLUOR
178.93,156947,2025-03-13,RUPA
321.05,170909,2025-03-13,SANATHAN
152.21,26774,2025-03-13,CROWN
225.15,154783,2025-03-13,DDEVPLSTIK
197.62,210597,2025-03-13,DHARMAJ
5015.25,265867,2025-03-13,EICHERMOT
95.75,1889012,2025-03-13,ELECTCAST
58.3,1159124,2025-03-13,GATEWAY
99.8,1226864,2025-03-13,HITECH
1157.75,23406,2025-03-13,ARMANFIN
167.12,1030911,2025-03-13,CAMLINFINE
1461.9,804032,2025-03-13,CIPLA
295.05,1820614,2025-03-13,JWL
36.53,22431,2025-03-13,LEXUS
99.33,164395,2025-03-13,LYKALABS
461.25,63913,2025-03-13,MAYURUNIQ
409.5,37735,2025-03-13,SOMANYCERA
419.8,4153,2025-03-13,STEL
221.15,3336576,2025-03-13,SWSOLAR
4627.4,88644,2025-03-13,SUNDARMFIN
12.12,481594,2025-03-13,VAISHALI
2525.05,55463,2025-03-13,LALPATHLAB
44.49,25156,2025-03-13,GOKUL
289.4,16960,2025-03-13,OAL
229.72,511675,2025-03-13,SANGHVIMOV
47.27,961065,2025-03-13,BLKASHYAP
73.54,264528,2025-03-13,BPL
80.17,196962,2025-03-13,MOREALTY
70.04,102729,2025-03-13,MUNJALAU
67.4,235971,2025-03-13,SHREDIGCEM
299.5,83002,2025-03-13,SIS
122.41,1447200,2025-03-13,SPARC
87.28,16705,2025-03-13,SUPREME
10452.1,219474,2025-03-13,ULTRACEMCO
1402.55,1236849,2025-03-13,VOLTAS
104.91,1016274,2025-03-13,DCBBANK
210.11,160471,2025-03-13,AUTOBEES
126.83,374155,2025-03-13,KALAMANDIR
16.05,88117,2025-03-13,ARCHIES
19.1,62046,2025-03-13,BALKRISHNA
297.35,92084,2025-03-13,BHAGCHEM
128.5,9535,2025-03-13,BSHSL
26378.35,8806,2025-03-13,BOSCHLTD
166.73,5587313,2025-03-13,ITCHOTELS
107.56,3232,2025-03-13,CONS
80.78,63033,2025-03-13,VALIANTLAB
6.12,12287,2025-03-13,CREATIVEYE
5620.45,219553,2025-03-13,DIVISLAB
5.44,1079286,2025-03-13,DUCON
949.3,198040,2025-03-13,NEWGEN
75.24,293441,2025-03-13,PNBGILTS
1282.5,431738,2025-03-13,PROTEAN
209.96,819983,2025-03-13,RITES
196.67,3116,2025-03-13,SBIETFQLTY
317.4,188615,2025-03-13,MONARCH
27495.15,17124,2025-03-13,SHREECEM
48.07,91,2025-03-13,EBANKNIFTY
386.15,691510,2025-03-13,GOLDIAM
161.21,373872,2025-03-13,GIPCL
419.71,421574,2025-03-13,HNGSNGBEES
464.0,32626,2025-03-13,RPEL
22.7,641195,2025-03-13,RUSHIL
624.97,32872,2025-03-13,SETFNN50
22.28,563276,2025-03-13,3IINFOLTD
247.07,942694,2025-03-13,AWL
491.67,932,2025-03-13,AXISBNKETF
412.05,8196569,2025-03-13,ITC
113.7,5896494,2025-03-13,UNIONBANK
213.72,424312,2025-03-13,VAIBHAVGBL
39.11,636967,2025-03-13,PSB
132.09,323041,2025-03-13,RSWM
238.76,33148,2025-03-13,SAKAR
811.05,34213,2025-03-13,ATFL
139.84,5118957,2025-03-13,BANDHANBNK
94.12,5522916,2025-03-13,BANKINDIA
21.84,587,2025-03-13,TECILCHEM
41.11,195661,2025-03-13,VARDHACRLC
9066.0,1310,2025-03-13,WENDT
26.58,786388,2025-03-13,ESAFSFB
110.38,5283,2025-03-13,HDFCGROWTH
105.49,58588,2025-03-13,CONSUMIETF
226.1,1503164,2025-03-13,NLCINDIA
5239.9,3940,2025-03-13,PGHL
615.7,49385,2025-03-13,ROSSARI
74.05,31203,2025-03-13,BHAGYANGR
13.18,75602,2025-03-13,BLBLIMITED
27.29,24520,2025-03-13,LICNETFGSC
27.61,664218,2025-03-13,MSPL
209.53,120426,2025-03-13,TALBROAUTO
60.85,5529291,2025-03-13,TTML
283.25,1149035,2025-03-13,RAILTEL
69.75,180849,2025-03-13,ANDHRAPAP
61.46,8143,2025-03-13,ABSLNN50ET
350.35,20789,2025-03-13,BCONCEPTS
109.76,10197,2025-03-13,MAHAPEXLTD
228.75,112162,2025-03-13,DEEDEV
373.6,82842,2025-03-13,DOLLAR
17.6,29551,2025-03-13,ECAPINSURE
135.07,2830,2025-03-13,GANGESSECU
1.5,19372447,2025-03-13,GTLINFRA
400.2,527666,2025-03-13,HEG
207.97,105768,2025-03-13,ORIENTELEC
5587.15,10394,2025-03-13,SANOFI
450.1,463981,2025-03-13,AFCONS
30.84,136563,2025-03-13,JAYNECOIND
4243.9,900126,2025-03-13,KAYNES
78.69,1158139,2025-03-13,STALLION
272.85,403507,2025-03-13,INDIACEM
290.45,6823,2025-03-13,TVSELECT
6.13,785611,2025-03-13,ZEELEARN
15.27,416162,2025-03-13,ALANKIT
1283.7,15687,2025-03-13,JUBLCPL
720.25,229594,2025-03-13,GODREJAGRO
5057.05,11121,2025-03-13,ORISSAMINE
24.18,10723,2025-03-13,PVTBANKADD
2908.5,81455,2025-03-13,ESCORTS
84.41,12644,2025-03-13,NDLVENTURE
71.24,331198,2025-03-13,NIVABUPA
503.2,179392,2025-03-13,PNGJL
589.1,18201,2025-03-13,AMRUTANJAN
171.85,1034762,2025-03-13,GSFC
3529.15,359751,2025-03-13,HEROMOTOCO
1678.75,807125,2025-03-13,ICICIGI
18.42,656247,2025-03-13,MIDCAPIETF
803.45,550745,2025-03-13,PNBHOUSING
30.27,15659,2025-03-13,SAGARDEEP
53.48,29067199,2025-03-13,IDFCFIRSTB
271.35,882610,2025-03-13,M&MFIN
349.8,52621,2025-03-13,MMFL
43.77,56275,2025-03-13,SONAMLTD
105.89,24988240,2025-03-13,SAIL
313.2,70253,2025-03-13,STERTOOLS
341.2,27668,2025-03-13,PAVNAIND
264.41,4545159,2025-03-13,BPCL
36.31,111967,2025-03-13,SILGO
121.42,429633,2025-03-13,SUVEN
80.33,97094,2025-03-13,TNIDETF
3370.7,356684,2025-03-13,THERMAX
4373.7,25697,2025-03-13,CRISIL
95.58,23103,2025-03-13,SILVERADD
1228.63,2103,2025-03-13,BBETF0432
2044.05,51436,2025-03-13,POWERMECH
4.87,155415,2025-03-13,SADBHIN
1085.0,2669,2025-03-13,SANDESH
1923.4,68364,2025-03-13,HONDAPOWER
187.31,44477,2025-03-13,NCLIND
124.37,668266,2025-03-13,APTECHT
125.23,15292,2025-03-13,BANARBEADS
119.64,66129,2025-03-13,BOROSCI
1071.0,3198756,2025-03-13,CDSL
1393.8,77324,2025-03-13,INTERARCH
4467.05,483273,2025-03-13,LTIM
1156.2,70346,2025-03-13,SYMPHONY
33.75,6498,2025-03-13,XTGLOBAL
67.8,54202,2025-03-13,AAATECH
285.8,16555,2025-03-13,ASAHISONG
513.3,819134,2025-03-13,INDGN
594.6,19618,2025-03-13,INSECTICID
496.85,491727,2025-03-13,JBMA
207.8,11892,2025-03-13,MEGASTAR
25.8,191790,2025-03-13,EVINDIA
166.76,558764,2025-03-13,SHAREINDIA
575.0,35518,2025-03-13,SPLPETRO
4714.55,14037,2025-03-13,VADILALIND
941.85,1493988,2025-03-13,WHIRLPOOL
344.05,284247,2025-03-13,EPACK
414.8,1453061,2025-03-13,HBLENGINE
819.48,17583,2025-03-13,INFRABEES
59.85,296414,2025-03-13,GILT5YBEES
258.8,45835,2025-03-13,RITCO
389.5,7886,2025-03-13,SBIETFIT
88.25,141456,2025-03-13,EGOLD
220.41,521319,2025-03-13,FCL
2.35,4497924,2025-03-13,GLOBE
309.55,52768,2025-03-13,GNA
191.38,6409,2025-03-13,HEXATRADEX
202.23,125205,2025-03-13,NRBBEARING
179.93,269501,2025-03-13,PAKKA
167.07,5913,2025-03-13,PPAP
411.2,40535,2025-03-13,PPL
321.45,244249,2025-03-13,ABDL
158.81,608695,2025-03-13,BAJAJCON
126.36,543657,2025-03-13,IPL
246.51,20084,2025-03-13,LICNETFN50
1022.54,39932,2025-03-13,LIQUIDPLUS
42.88,527,2025-03-13,MODTHREAD
153.65,19431,2025-03-13,STARPAPER
157.96,9241718,2025-03-13,GAIL
668.95,265666,2025-03-13,HAPPSTMNDS
59.9,11065,2025-03-13,GSEC5IETF
248.7,188119,2025-03-13,PRINCEPIPE
304.15,575841,2025-03-13,SAPPHIRE
327.4,24915,2025-03-13,5PAISA
162.19,2815149,2025-03-13,ABCAPITAL
1300.9,9875,2025-03-13,AMBIKCO
409.15,335051,2025-03-13,JSFB
89.11,4336486,2025-03-13,JMFINANCIL
306.8,48700,2025-03-13,KABRAEXTRU
102.92,47807,2025-03-13,KOKUYOCMLN
127.66,4741360,2025-03-13,SDBL
96.61,14006,2025-03-13,STEELCITY
620.3,109854,2025-03-13,TIPSMUSIC
2.51,3929653,2025-03-13,VIKASECO
241.76,2372240,2025-03-13,DELHIVERY
6.03,27761815,2025-03-13,DISHTV
38.21,118876,2025-03-13,GSS
248.14,107057,2025-03-13,GUJTHEM
817.7,28179,2025-03-13,ICEMAKE
1136.75,42368,2025-03-13,POLYPLEX
39.15,2188827,2025-03-13,RTNINDIA
655.45,90831,2025-03-13,ARVSMART
82.38,73790,2025-03-13,ATAM
1594.0,201615,2025-03-13,CHOLAHLDNG
117.69,11472966,2025-03-13,IRFC
432.0,24738,2025-03-13,MEDICAMEQ
24.98,2401676,2025-03-13,MAHKTECH
636.8,1582003,2025-03-13,TATATECH
147.03,108885,2025-03-13,THEMISMED
263.8,243469,2025-03-13,ONWARDTEC
33.39,16251003,2025-03-13,RPOWER
1353.2,36453,2025-03-13,ROLEXRINGS
170.99,417084,2025-03-13,SHK
1466.9,45334,2025-03-13,AIIL
570.4,129436,2025-03-13,CCL
31.21,44169,2025-03-13,INDBANK
779.55,106033,2025-03-13,INNOVACAP
20.36,267032,2025-03-13,MONIFTY500
82.65,7298,2025-03-13,SECMARK
628.55,162176,2025-03-13,SHILPAMED
278.1,262275,2025-03-13,SURAKSHA
99.18,312785,2025-03-13,SURYODAY
316.6,120066,2025-03-13,DALMIASUG
116.49,350015,2025-03-13,ESTER
326.9,53953,2025-03-13,GUFICBIO
758.95,343761,2025-03-13,HEXT
387.95,781821,2025-03-13,HPL
24.08,1203493,2025-03-13,PVTBANIETF
524.5,933956,2025-03-13,NAM-INDIA
23.02,1104995,2025-03-13,ORIENTPPR
67.32,67312,2025-03-13,OSWALAGRO
2427.92,311,2025-03-13,QNIFTY
82.2,14982,2025-03-13,BALPHARMA
315.25,54410,2025-03-13,CARRARO
619.85,1844484,2025-03-13,CARYSIL
231.08,8016854,2025-03-13,CASTROLIND
36.18,167017,2025-03-13,KCPSUGIND
80.53,31988,2025-03-13,LOVABLE
105041.6,9096,2025-03-13,MRF
17.25,1602,2025-03-13,SILLYMONKS
57.85,265874,2025-03-13,SPENCERS
398.1,1633442,2025-03-13,SWANENERGY
370.8,923631,2025-03-13,YATHARTH
31.29,17218,2025-03-13,DAMODARIND
713.95,25592,2025-03-13,DENORA
29.38,46280,2025-03-13,DIGIDRIVE
927.7,82296,2025-03-13,EMCURE
626.7,14354,2025-03-13,GMBREW
79.6,297163,2025-03-13,GEEKAYWIRE
56.58,168798,2025-03-13,GROWWDEFNC
401.6,618997,2025-03-13,HSCL
72.47,226193,2025-03-13,DIVOPPBEES
256.8,313,2025-03-13,S&SPOWER
1854.0,573646,2025-03-13,ACC
1119.2,1358839,2025-03-13,ADANIPORTS
61.64,42227,2025-03-13,ADVANIHOTR
55.41,65811,2025-03-13,GOLDTECH
2538.25,90634,2025-03-13,AJANTPHARM
30.21,2772766,2025-03-13,ALLCARGO
1020.83,114796,2025-03-13,LIQUIDBETF
226.77,5553,2025-03-13,NIFTYBETF
43.17,25541,2025-03-13,BIOFILCHEM
275.1,16362,2025-03-13,KHADIM
589.05,210493,2025-03-13,KIRIINDUS
177.24,135993,2025-03-13,KROSS
69.85,62169,2025-03-13,MADRASFERT
163.36,19262,2025-03-13,MANCREDIT
1.92,2630757,2025-03-13,MITTAL
294.7,15148,2025-03-13,SCPL
38.8,28770,2025-03-13,PTL
829.85,669471,2025-03-13,SBICARD
488.2,637761,2025-03-13,BERGEPAINT
2.41,1807348,2025-03-13,ESSENTIA
78.27,7835,2025-03-13,JMA
388.5,95545,2025-03-13,MARATHON
114.35,697008,2025-03-13,MAFANG
369.45,186946,2025-03-13,SUNTECK
646.7,61448,2025-03-13,TCIEXP
13.34,2486312,2025-03-13,ZEEMEDIA
1430.55,925029,2025-03-13,AFFLE
18.9,51137,2025-03-13,NIFTYQLITY
570.15,5423249,2025-03-13,CHENNPETRO
2530.38,21,2025-03-13,IVZINNIFTY
143.34,44655,2025-03-13,UNITEDPOLY
273.21,527779,2025-03-13,GRMOVER
26.87,204910,2025-03-13,HDFCMOMENT
7239.35,34558,2025-03-13,FORCEMOT
110.06,762925,2025-03-13,GTPL
40.24,3387296,2025-03-13,PATELENG
406.65,16874,2025-03-13,AFFORDABLE
6105.65,247628,2025-03-13,APOLLOHOSP
1278.35,247041,2025-03-13,AZAD
346.65,2973464,2025-03-13,KOLTEPATIL
96.3,40957,2025-03-13,SHEMAROO
9.47,331321,2025-03-13,TOP100CASE
294.2,179655,2025-03-13,DENTA
262.25,993601,2025-03-13,GENSOL
218.44,2367618,2025-03-13,RELINFRA
134.25,11510,2025-03-13,AGRITECH
2182.55,211393,2025-03-13,AMIORG
17.54,9390,2025-03-13,ASHOKAMET
48.01,146,2025-03-13,BBNPNBETF
9986.85,1509,2025-03-13,BHARATRAS
159.83,44658,2025-03-13,INDOBORAX
262.2,330740,2025-03-13,JUNIPER
39.26,1396916,2025-03-13,LLOYDSENT
92.38,13577524,2025-03-13,NACLIND
819.3,89668,2025-03-13,SJS
1209.5,56505,2025-03-13,TBOTEK
1017.0,47837,2025-03-13,VIMTALABS
152.39,2785852,2025-03-13,DEVYANI
302.65,6461211,2025-03-13,FSL
172.83,1451965,2025-03-13,GPIL
186.71,109174,2025-03-13,HINDWAREAP
2191.95,292170,2025-03-13,NESTLEIND
375.15,370830,2025-03-13,ARVINDFASN
41.47,3170309,2025-03-13,CENTRALBK
180.36,24430,2025-03-13,CHEMCON
669.7,335644,2025-03-13,JKIL
146.85,29115,2025-03-13,KRONOX
182.25,284,2025-03-13,LOWVOL
39.28,1665778,2025-03-13,SMALLCAP
77.53,1813,2025-03-13,UTISXN50
250.25,392265,2025-03-13,SULA
51.0,1214882,2025-03-13,PARACABLES
835.0,1175099,2025-03-13,PGEL
957.0,183554,2025-03-13,ROUTE
13.26,538962,2025-03-13,AKG
176.99,31572,2025-03-13,AYMSYNTEX
73.29,732,2025-03-13,BSLSENETFG
90.29,39427,2025-03-13,KRITINUT
1214.2,42033,2025-03-13,LUXIND
251.14,419013,2025-03-13,MAHLOG
521.7,61096,2025-03-13,SELAN
929.0,144105,2025-03-13,SUYOG
333.0,1654562,2025-03-13,EXIDEIND
496.95,106250,2025-03-13,HCG
373.3,325407,2025-03-13,HERITGFOOD
475.4,3863,2025-03-13,SHARIABEES
108.42,38814,2025-03-13,RELTD
25.82,103502,2025-03-13,BSLNIFTY
1282.55,80719,2025-03-13,CENTUM
96.08,104878,2025-03-13,INTENTECH
56.3,3263,2025-03-13,KARMAENG
350.75,4898500,2025-03-13,TATAPOWER
108.43,528396,2025-03-13,UNIECOM
932.8,103420,2025-03-13,UTIAMC
2835.25,382212,2025-03-13,CUMMINSIND
176.14,36401,2025-03-13,EIFFL
84.54,9136,2025-03-13,RAJTV
607.45,68333,2025-03-13,COSMOFIRST
218.77,91950,2025-03-13,INDOCO
430.9,9809250,2025-03-13,KALYANKJIL
99.49,166,2025-03-13,MODIRUBBER
108.66,540065,2025-03-13,TARC
654.15,936057,2025-03-13,ZENSARTECH
738.95,268984,2025-03-13,AARTIPHARM
2025.65,520624,2025-03-13,BLUESTARCO
945.3,109365,2025-03-13,ISGEC
3749.95,6452,2025-03-13,KICL
299.1,92297,2025-03-13,MHRIL
221.82,43106,2025-03-13,MMP
26.45,21791,2025-03-13,MOTOGENFIN
1456.93,10132,2025-03-13,EBBETF0430
844.4,31841,2025-03-13,EXPLEOSOL
959.05,136197,2025-03-13,GRINFRA
997.1,107949,2025-03-13,GANESHHOUC
48.3,1101792,2025-03-13,ONEPOINT
34.43,207091,2025-03-13,OSWALGREEN
9.9,37904,2025-03-13,SANGINITA
400.85,164798,2025-03-13,CYIENTDLM
1192.24,14467,2025-03-13,EBBETF0433
1405.15,333781,2025-03-13,GLENMARK
111.64,735736,2025-03-13,NIITLTD
42.02,4919345,2025-03-13,SAGILITY
364.3,139294,2025-03-13,SOTL
378.3,3918004,2025-03-13,COALINDIA
143.05,5289,2025-03-13,JOCIL
1000.3,890245,2025-03-13,JYOTICNC
1185.9,17805,2025-03-13,LGBBROSLTD
6.2,1195962,2025-03-13,MKPL
391.45,45142,2025-03-13,SUPRAJIT
4356.45,26715,2025-03-13,TCPLPACK
813.4,136,2025-03-13,GROBTEA
325.65,40669,2025-03-13,TRF
900.4,65302,2025-03-13,UNIMECH
178.35,88571,2025-03-13,ZUARI
204.19,71195,2025-03-13,FLAIR
0.94,17124,2025-03-13,GAYAHWS
12.74,16214,2025-03-13,ORTINGLOBE
490.55,1315715,2025-03-13,ANANTRAJ
20.08,55224,2025-03-13,CENTEXT
140.45,3092718,2025-03-13,IRCON
1041.7,110513,2025-03-13,KSCL
132.44,178811,2025-03-13,MANBA
11.01,30198,2025-03-13,SUPERSPIN
1353.7,441272,2025-03-13,UNITDSPR
2125.25,525713,2025-03-13,WAAREEENER
6.57,122278,2025-03-13,ZENITHSTL
66.79,229198,2025-03-13,AFIL
98.65,86263,2025-03-13,CAPTRUST
607.3,14230,2025-03-13,JINDALPHOT
1524.05,11792,2025-03-13,JLHL
957.9,311509,2025-03-13,SUDARSCHEM
256.25,76189,2025-03-13,TRANSWORLD
445.65,16352,2025-03-13,DIVGIITTS
1000.0,121258,2025-03-13,LIQUIDETF
138.6,68026,2025-03-13,HERCULES
98.55,96472,2025-03-13,PVSL
9.25,8775577,2025-03-13,RTNPOWER
1064.1,105641,2025-03-13,RAYMONDLSL
6.88,1767601,2025-03-13,SARVESHWAR
74.98,1513626,2025-03-13,SETFGOLD
13.85,1211234,2025-03-13,GOLDCASE
4706.95,72930,2025-03-13,ALKEM
194.48,382958,2025-03-13,IIFLCAPS
69.17,405082,2025-03-13,JAGRAN
314.35,501452,2025-03-13,MOIL
485.8,1388137,2025-03-13,SONACOMS
29.82,148176,2025-03-13,VIPCLOTHNG
176.6,3060509,2025-03-13,FEDERALBNK
2609.25,6142,2025-03-13,GRPLTD
75.2,4198,2025-03-13,HBSL
55.77,1078596,2025-03-13,PASUPTAC
144.5,630621,2025-03-13,PRAKASH
155.33,275045,2025-03-13,PRECAM
86.09,262235,2025-03-13,GROWWGOLD
1002.4,69928,2025-03-13,HGINFRA
323.7,4696394,2025-03-13,HINDPETRO
11070.6,52775,2025-03-13,NEULANDLAB
1082.45,51520,2025-03-13,DIAMONDYD
122.55,347591,2025-03-13,PRSMJOHNSN
132.2,1591206,2025-03-13,RAIN
160.71,220916,2025-03-13,KOPRAN
25.87,23686,2025-03-13,MNC
125.5,779941,2025-03-13,IXIGO
233.8,18273,2025-03-13,NAHARCAP
12.26,11103,2025-03-13,SGL
1200.15,93976,2025-03-13,GULFOILLUB
184.08,428181,2025-03-13,MID150BEES
388.35,7418570,2025-03-13,PFC
216.94,79801,2025-03-13,ROTO
632.15,130495,2025-03-13,BAJAJHCARE
1955.95,99884,2025-03-13,INDIAMART
739.1,35514,2025-03-13,KSL
8.79,468015,2025-03-13,METAL
546.3,111982,2025-03-13,SHARDACROP
775.35,41351,2025-03-13,GARFIBRES
930.6,160018,2025-03-13,NAZARA
116.35,111501,2025-03-13,NDTV
83.38,136767,2025-03-13,RADHIKAJWE
392.3,104679,2025-03-13,RHIM
653.9,75866,2025-03-13,ASTEC
189.3,176222,2025-03-13,BLAL
208.14,6670814,2025-03-13,MANAPPURAM
16.42,72992830,2025-03-13,SEPC
1595.25,23000,2025-03-13,STYLAMIND
126.08,40736,2025-03-13,BANSWRAS
3187.3,1414376,2025-03-13,LT
174.31,530130,2025-03-13,LXCHEM
80.07,394790,2025-03-13,SPIC
353.2,4894809,2025-03-13,SWIGGY
180.09,869,2025-03-13,NIFMID150
1107.95,1299174,2025-03-13,DRREDDY
51.73,4408,2025-03-13,HDFCQUAL
199.28,77971,2025-03-13,RKSWAMY
607.9,142616,2025-03-13,SCHNEIDER
33.07,572,2025-03-13,INCREDIBLE
2032.95,16528,2025-03-13,INDOTECH
490.85,2018,2025-03-13,SILINV
295.15,73286,2025-03-13,TARSONS
136.35,232407,2025-03-13,GANDHAR
1706.6,7868132,2025-03-13,HDFCBANK
215.8,3799566,2025-03-13,HINDCOPPER
929.8,63541,2025-03-13,PITTIENG
400.95,507073,2025-03-13,APOLLOTYRE
1040.1,2242,2025-03-13,CHEVIOT
1335.25,92834,2025-03-13,CIGNITITEC
897.55,115892,2025-03-13,KPRMILL
95.2,91157,2025-03-13,KRITI
254.0,168721,2025-03-13,SIRCA
44.72,291906,2025-03-13,UGARSUGAR
202.0,28191,2025-03-13,VLSFINANCE
580.25,20829,2025-03-13,HEUBACHIND
990.25,89313,2025-03-13,INDIGOPNTS
23.71,199725,2025-03-13,LANCORHOL
661.4,317028,2025-03-13,MAHSEAMLES
265.18,64089,2025-03-13,SUNDARMHLD
3216.4,4493,2025-03-13,VSTTILLERS
438.05,136785,2025-03-13,DBL
604.35,1166429,2025-03-13,ATGL
357.05,122941,2025-03-13,CAREERP
491.6,79363,2025-03-13,CENTENKA
705.95,46134,2025-03-13,CENTURYPLY
856.65,249881,2025-03-13,KPIL
1515.6,18678,2025-03-13,KMEW
366.25,174899,2025-03-13,VTL
127.41,27991,2025-03-13,ENIL
301.25,108897,2025-03-13,EVEREADY
116.92,140248,2025-03-13,GANESHBE
140.96,134204,2025-03-13,ORIENTHOT
365.35,56430,2025-03-13,PANAMAPET
155.97,2078153,2025-03-13,PTC
6.38,853752,2025-03-13,AJOONI
342.25,99596,2025-03-13,KSOLVES
108.32,103008,2025-03-13,SMCGLOBAL
56.0,1752894,2025-03-13,DHANI
37.41,739786,2025-03-13,DWARKESH
387.55,598565,2025-03-13,GUJGASLTD
12.87,408547,2025-03-13,HCL-INSYS
23.36,35845,2025-03-13,HDFCNIF100
430.0,1372791,2025-03-13,HINDZINC
49.19,51341,2025-03-13,NIRAJ
5003.1,449569,2025-03-13,POLYCAB
274.85,14466,2025-03-13,RANEENGINE
1797.7,646120,2025-03-13,COROMANDEL
902.85,1796555,2025-03-13,UNOMINDA
3458.7,3603,2025-03-13,FOSECOIND
2089.25,11172,2025-03-13,GALAXYSURF
160.73,145835,2025-03-13,GICHSGFIN
1150.65,69021,2025-03-13,SANSERA
323.05,1439684,2025-03-13,BIOCON
28.55,5378,2025-03-13,NIFTY100EW
165.84,3643,2025-03-13,LFIC
56.25,934608,2025-03-13,MEDICO
114.52,115468,2025-03-13,MOLDTECH
27880.3,2796,2025-03-13,3MINDIA
106.65,29615,2025-03-13,ALPA
56.34,49213,2025-03-13,ACL
1322.9,85255,2025-03-13,ASALCBR
5700.35,11303,2025-03-13,BLUEDART
6382.55,288873,2025-03-13,NAUKRI
76.12,20885,2025-03-13,INSPIRISYS
601.97,12438,2025-03-13,NEXT50
116.28,399523,2025-03-13,SERVOTECH
301.0,58141,2025-03-13,STANLEY
1291.2,228014,2025-03-13,TORNTPOWER
453.2,300631,2025-03-13,WELENT
883.1,312720,2025-03-13,ZYDUSLIFE
201.07,1333454,2025-03-13,ACMESOLAR
1775.3,232115,2025-03-13,ABREL
999.99,13651,2025-03-13,ABSLLIQUID
3926.25,3770603,2025-03-13,BSE
5.6,30433,2025-03-13,COUNCODOS
3158.95,13480,2025-03-13,SWARAJENG
413.75,646989,2025-03-13,SYRMA
1503.95,445092,2025-03-13,TATACOMM
25.76,189770,2025-03-13,GROWWEV
48.84,176075,2025-03-13,BANKIETF
80.39,79424,2025-03-13,NELCAST
503.85,3846,2025-03-13,NINSYS
1583.35,29861,2025-03-13,PIXTRANS
172.2,46576,2025-03-13,SCHAND
372.7,1009233,2025-03-13,PCBL
1365.8,353151,2025-03-13,PGIL
591.2,193972,2025-03-13,ABSLAMC
162.71,503220,2025-03-13,AEROFLEX
407.35,76544,2025-03-13,LANDMARK
34.59,25935,2025-03-13,MALUPAPER
2577.35,42423,2025-03-13,TIMKEN
1810.95,50419,2025-03-13,E2E
617.7,73770,2025-03-13,GHCL
18.7,38384,2025-03-13,QUAL30IETF
100.64,403526,2025-03-13,BEPL
93.22,52226,2025-03-13,JAYSREETEA
355.95,239443,2025-03-13,KPEL
150.68,648210,2025-03-13,MOSCHIP
83.12,43718,2025-03-13,SINCLAIR
103.26,45876,2025-03-13,SOUTHWEST
73.82,66730,2025-03-13,TRIGYN
6.95,408690029,2025-03-13,IDEA
923.25,1066851,2025-03-13,CREDITACC
797.55,224529,2025-03-13,FINCABLES
192.37,42295,2025-03-13,HARRMALAYA
19.62,1620478,2025-03-13,LOWVOLIETF
25.29,221057,2025-03-13,NIF100IETF
48.67,346514,2025-03-13,ABSLBANETF
6431.7,41630,2025-03-13,VOLTAMP
27.1,1232401,2025-03-13,MOM30IETF
333.2,27157,2025-03-13,SANGAMIND
1285.95,156251,2025-03-13,MGL
9.58,258720,2025-03-13,RADIOCITY
236.4,199013,2025-03-13,SURYAROSNI
11.34,293563,2025-03-13,DPSCLTD
195.36,1598000,2025-03-13,EIEL
1458.65,964862,2025-03-13,HAVELLS
21.0,218692,2025-03-13,AUTOIETF
686.1,328014,2025-03-13,RKFORGE
130.09,251469,2025-03-13,RATNAVEER
207.56,9552,2025-03-13,AMNPLST
153.52,11076,2025-03-13,ANUHPHR
109.45,639616,2025-03-13,AVANTEL
243.99,7711,2025-03-13,AXISNIFTY
115.25,4805289,2025-03-13,BAJAJHFL
26.99,32201,2025-03-13,MOMENTUM
95.39,31105,2025-03-13,ISFT
425.35,48013,2025-03-13,KRYSTAL
36.04,42850,2025-03-13,EMULTIMQ
39.48,35861,2025-03-13,FIBERWEB
467.3,40374,2025-03-13,GREENLAM
34.95,1986066,2025-03-13,PAISALO
142.82,448264,2025-03-13,PARKHOTELS
161.82,6167,2025-03-13,RELCHEMQ
14.46,283765,2025-03-13,ASMS
9.3,215407,2025-03-13,IVC
438.65,3851,2025-03-13,NIPPOBATRY
28.05,10554,2025-03-13,GSEC10YEAR
33.76,1408,2025-03-13,MOLOWVOL
599.95,22729,2025-03-13,TTKPRESTIG
369.35,329,2025-03-13,NIFITETF
2174.8,1845629,2025-03-13,HINDUNILVR
13.12,1467586,2025-03-13,HLVLTD
56.97,203543,2025-03-13,NRL
50.51,23276276,2025-03-13,OLAELEC
152.37,278838,2025-03-13,PARAGMILK
897.4,181338,2025-03-13,PARAS
156.32,4259360,2025-03-13,RBLBANK
224.6,3448246,2025-03-13,REDINGTON
495.0,417175,2025-03-13,SAREGAMA
101.78,39917,2025-03-13,BROOKS
1559.0,206919,2025-03-13,CARTRADE
7653.0,139,2025-03-13,IVZINGOLD
2201.15,866934,2025-03-13,MANKIND
2205.15,869498,2025-03-13,MPHASIS
655.5,14004345,2025-03-13,TATAMOTORS
0.82,399128,2025-03-13,VIVIDHA
694.2,144817,2025-03-13,EIDPARRY
2370.2,479648,2025-03-13,GRASIM
98.2,581,2025-03-13,HECPROJECT
1250.05,8132940,2025-03-13,ICICIBANK
114.55,290780,2025-03-13,OMINFRAL
394.55,237201,2025-03-13,PANACEABIO
2483.15,87752,2025-03-13,BBL
640.25,593076,2025-03-13,CONCOR
315.45,284395,2025-03-13,INDRAMEDCO
1001.2,1218174,2025-03-13,JSWSTEEL
469.1,48143,2025-03-13,KKCL
83.9,38268,2025-03-13,MAWANASUG
169.07,28965,2025-03-13,SHREYANIND
130.23,5291,2025-03-13,SINTERCOM
412.25,280,2025-03-13,SURAJLTD
83.04,29932,2025-03-13,UMAEXPORTS
18.78,238009,2025-03-13,GENUSPAPER
132.18,1347282,2025-03-13,GPPL
2221.1,750310,2025-03-13,ADANIENT
996.5,590348,2025-03-13,BIRLACORPN
5420.6,2286,2025-03-13,ICRA
430.65,319133,2025-03-13,TANLA
75.05,1493,2025-03-13,SENSEXADD
1905.15,43214,2025-03-13,ENDURANCE
534.65,38283,2025-03-13,HNDFDS
2.52,348923,2025-03-13,PARASPETRO
691.2,4072,2025-03-13,RACLGEAR
361.8,39057,2025-03-13,BANSALWIRE
37.63,814236,2025-03-13,BCLIND
229.51,32889,2025-03-13,BAJAJINDEF
1517.8,270129,2025-03-13,JBCHEPHARM
824.41,67,2025-03-13,LICNETFSEN
566.7,470206,2025-03-13,SENORES
900.6,255987,2025-03-13,TECHNOE
335.05,324768,2025-03-13,VGUARD
89.22,157302,2025-03-13,XCHANGING
359.1,1583720,2025-03-13,EIHOTEL
53.32,112586,2025-03-13,GFLLIMITED
77.89,4802499,2025-03-13,NBCC
9.73,4265782,2025-03-13,RAMASTEEL
582.65,9596,2025-03-13,RML
267.0,277055,2025-03-13,ADVENZYMES
434.1,674756,2025-03-13,ASTERDM
1010.2,4004140,2025-03-13,AXISBANK
130.54,104745,2025-03-13,BIRLACABLE
243.15,109323,2025-03-13,CEIGALL
513.3,68603,2025-03-13,CEWATER
71.18,1047224,2025-03-13,JAMNAAUTO
632.3,631852,2025-03-13,JSL
19381.8,7686,2025-03-13,JSWHL
23.27,13397,2025-03-13,LAXMICOT
33.27,265042,2025-03-13,MUKKA
13.6,545664,2025-03-13,SINDHUTRAD
2951.8,522503,2025-03-13,SRF
138.7,1816196,2025-03-13,SGLTL
92.35,24522,2025-03-13,XELPMOC
650.4,234359,2025-03-13,FIVESTAR
18.09,404183,2025-03-13,HTMEDIA
12.66,618033,2025-03-13,PRAXIS
190.46,112373,2025-03-13,RESPONIND
61.63,153091,2025-03-13,BIGBLOC
55.9,2828744,2025-03-13,JISLJALEQS
252.42,1136827,2025-03-13,MANINDS
44.46,382436,2025-03-13,MOMENTUM50
111.3,29631,2025-03-13,MUNJALSHOW
442.95,5054710,2025-03-13,VEDL
1366.25,40358,2025-03-13,EIMCOELECO
598.8,205298,2025-03-13,FACT
84.65,76453,2025-03-13,HMVL
22.3,213443,2025-03-13,RPPL
319.0,206393,2025-03-13,ARVIND
3410.1,715052,2025-03-13,CAMS
48.84,522576,2025-03-13,CONFIPET
72.1,3334779,2025-03-13,IDBI
2797.0,4625,2025-03-13,KINGFA
2196.35,448206,2025-03-13,MUTHOOTFIN
365.0,550100,2025-03-13,TIMETECHNO
8345.5,5009,2025-03-13,TVSHLTD
488.15,7798554,2025-03-13,VBL
441.7,18632,2025-03-13,VIDHIING
500.95,1288721,2025-03-13,DABUR
5.01,175658,2025-03-13,DANGEE
225.97,679091,2025-03-13,DCXINDIA
601.4,233926,2025-03-13,EMSLIMITED
27.75,2114920,2025-03-13,LTGILTBEES
2.88,207624,2025-03-13,ORCHASP
39.79,277846,2025-03-13,ORICONENT
183.83,50548,2025-03-13,PLASTIBLEN
3124.5,9408,2025-03-13,AKZOINDIA
842.75,300491,2025-03-13,BLUEJET
1120.1,3729,2025-03-13,MALLCOM
1.9,16713,2025-03-13,HAVISHA
659.75,860568,2025-03-13,TEJASNET
514.25,1785235,2025-03-13,TRITURBINE
49.12,108510,2025-03-13,UTIBANKETF
1872.45,665734,2025-03-13,AAVAS
499.55,91659,2025-03-13,AWHCL
174.99,9511,2025-03-13,CONSOFINVT
171.71,886285,2025-03-13,KTKBANK
14.18,1000146,2025-03-13,MOSMALL250
264.25,29184,2025-03-13,CSLFINANCE
25.8,44508,2025-03-13,PEARLPOLY
1149.8,26856,2025-03-13,POKARNA
675.1,131319,2025-03-13,AVALON
689.05,810061,2025-03-13,IRCTC
314.6,4682,2025-03-13,KILITCH
32.91,114460,2025-03-13,KOHINOOR
11.77,62755,2025-03-13,LIBAS
14.31,320511,2025-03-13,MGEL
5.61,5689420,2025-03-13,NAGAFERT
148.69,1338179,2025-03-13,SCI
962.35,19167,2025-03-13,TCI
117.79,3022958,2025-03-13,DBREALTY
235.32,42464,2025-03-13,ZUARIIND
1560.05,392,2025-03-13,DHUNINV
1301.83,4239,2025-03-13,EBBETF0431
241.48,490918,2025-03-13,GEPIL
53.48,46891,2025-03-13,PLAZACABLE
601.75,154831,2025-03-13,CANFINHOME
207.08,265860,2025-03-13,LAOPALA
21.95,9220,2025-03-13,MANAKALUCO
142.48,179515,2025-03-13,MANGCHEFER
57.76,2181,2025-03-13,BANKPSU
36.24,248114,2025-03-13,SUTLEJTEX
69.06,60683,2025-03-13,TOTAL
231.87,7435,2025-03-13,NIFTY50ADD
3725.1,429672,2025-03-13,HDFCAMC
1206.95,94803,2025-03-13,BALAMINES
166.29,12744,2025-03-13,BEDMUTHA
138.67,2278724,2025-03-13,CESC
127.55,2210398,2025-03-13,LEMONTREE
51.65,388511,2025-03-13,MOM100
4808.45,394489,2025-03-13,MCX
32.45,275902,2025-03-13,SURANASOL
18.92,56815,2025-03-13,UYFINCORP
6015.2,13226,2025-03-13,DYNAMATECH
424.85,25847,2025-03-13,AVL
503.65,18059,2025-03-13,IGARASHI
3406.4,22825,2025-03-13,INGERRAND
41.21,1108245,2025-03-13,MIDSMALL
3.21,913095,2025-03-13,SHAH
11.95,7623968,2025-03-13,VAKRANGEE
63.96,825929,2025-03-13,CUPID
359.1,12958,2025-03-13,DIAMINESQ
549.7,110267,2025-03-13,DREDGECORP
866.45,591361,2025-03-13,JUBLPHARMA
31.52,2064309,2025-03-13,KAMDHENU
915.55,619541,2025-03-13,KFINTECH
44.61,3162932,2025-03-13,MOREPENLAB
68.8,18747,2025-03-13,MUKTAARTS
21.95,1272180,2025-03-13,UTKARSHBNK
89.15,214580,2025-03-13,TOP10ADD
116.37,318440,2025-03-13,EMIL
329.85,592720,2025-03-13,QPOWER
948.95,12529,2025-03-13,SEAMECLTD
767.3,151774,2025-03-13,CHALET
1203.65,58767,2025-03-13,CLEAN
455.8,340459,2025-03-13,IONEXCHANG
574.05,823232,2025-03-13,LAURUSLABS
182.03,5183,2025-03-13,SHIVATEX
1768.45,87466,2025-03-13,THANGAMAYL
2780.0,6412,2025-03-13,VMART
107.63,2732,2025-03-13,WEIZMANIND
265.56,44866,2025-03-13,WINDMACHIN
99.42,1393,2025-03-13,ESILVER
483.94,10034,2025-03-13,BANKETF
3.24,4351808,2025-03-13,NDL
282.7,150267,2025-03-13,UDS
70.11,483268,2025-03-13,YATRA
950.45,284025,2025-03-13,BRIGADE
222.6,25219084,2025-03-13,JIOFIN
6.35,17062,2025-03-13,MADHUCON
56.35,37601,2025-03-13,MAHESHWARI
127.22,13905,2025-03-13,MAKEINDIA
122.96,213712,2025-03-13,MUTHOOTMF
646.05,16378,2025-03-13,SILVERTUC
727.85,5908337,2025-03-13,SBIN
133.97,8053,2025-03-13,THEINVEST
5708.25,141829,2025-03-13,GODFRYPHLP
80.79,30444,2025-03-13,COMMOIETF
172.85,4653,2025-03-13,DTIL
32.3,9783,2025-03-13,HDFCBSE500
18.27,112466,2025-03-13,HDFCLOWVOL
82.54,34332,2025-03-13,HDFCSENSEX
700.3,272586,2025-03-13,SAILIFE
590.15,184288,2025-03-13,AJAXENGG
385.75,2500031,2025-03-13,BSOFT
556.55,1682015,2025-03-13,CHAMBLFERT
333.6,230742,2025-03-13,IDEAFORGE
122.21,1637881,2025-03-13,INOXGREEN
109.15,27181,2025-03-13,MASTERTR
436.25,110242,2025-03-13,SBCL
461.85,75473,2025-03-13,UFLEX
9.26,1181377,2025-03-13,VISHWARAJ
164.56,3985099,2025-03-13,NYKAA
8.1,5704143,2025-03-13,SALASAR
71.98,219719,2025-03-13,MONQ50
709.3,55939,2025-03-13,SFL
100.09,118369,2025-03-13,SUMIT
2.08,1074550,2025-03-13,SUNDARAM
638.8,17001,2025-03-13,UNICHEMLAB
272.5,1448108,2025-03-13,GSPL
410.2,138710,2025-03-13,ASKAUTOLTD
2643.5,2446428,2025-03-13,M&M
313.2,111392,2025-03-13,UNIPARTS
778.4,174741,2025-03-13,MANYAVAR
2499.05,285875,2025-03-13,BALKRISIND
85.0,1518,2025-03-13,BBNPPGOLD
74.47,29106,2025-03-13,BHARATGEAR
562.8,10028,2025-03-13,INDNIPPON
262.3,360295,2025-03-13,INDOSTAR
1683.45,1666929,2025-03-13,SUNPHARMA
72.29,594121,2025-03-13,DCW
218.5,245128,2025-03-13,DREAMFOLKS
228.3,141922,2025-03-13,GREENPANEL
21.93,313933,2025-03-13,PVP
1752.45,2682,2025-03-13,YASHO
44.78,604559,2025-03-13,ASIANTILES
12.47,40812,2025-03-13,AXISBPSETF
251.65,244904,2025-03-13,ICIL
6021.0,45780,2025-03-13,LINDEINDIA
43.94,24522,2025-03-13,SIGIND
597.45,157203,2025-03-13,SUPRIYA
666.2,394603,2025-03-13,SYNGENE
85.95,6436,2025-03-13,UNIONGOLD
213.6,1822,2025-03-13,MIDQ50ADD
805.3,19685,2025-03-13,NUCLEUS
1977.85,96129,2025-03-13,PRUDENT
18.58,83073,2025-03-13,SALSTEEL
1291.65,893210,2025-03-13,COCHINSHIP
1985.1,4925794,2025-03-13,KOTAKBANK
175.43,54889,2025-03-13,MAXIND
439.45,129070,2025-03-13,MEDIASSIST
61.04,1293822,2025-03-13,MOL
239.61,120598,2025-03-13,NIFTYETF
29.37,5138,2025-03-13,MOCAPITAL
360.7,2878,2025-03-13,SEJALLTD
150.17,19993,2025-03-13,SUPERHOUSE
186.52,133228,2025-03-13,UTTAMSUGAR
229.86,17340,2025-03-13,VINYLINDIA
188.79,748522,2025-03-13,EPL
176.48,236881,2025-03-13,HUBTOWN
121.37,6744,2025-03-13,PALASHSECU
8.42,55132,2025-03-13,AAKASH
26.07,145386,2025-03-13,AIRAN
25.62,439372,2025-03-13,ATL
38.34,3867,2025-03-13,TECH
325.55,115286,2025-03-13,BOROLTD
11.63,8915,2025-03-13,VAL30IETF
204.96,68179,2025-03-13,JAGSNPHARM
240.56,7889,2025-03-13,JAYAGROGN
882.45,444603,2025-03-13,JINDRILL
256.75,27280,2025-03-13,DYNPRO
5054.2,94115,2025-03-13,NUVAMA
281.35,1525731,2025-03-13,POONAWALLA
488.6,1946918,2025-03-13,QUADFUTURE
28.07,28480,2025-03-13,BEARDSELL
62.44,846511,2025-03-13,IMAGICAA
4271.3,46154,2025-03-13,JKCEMENT
2005.4,26578,2025-03-13,TEAMLEASE
120.03,1476427,2025-03-13,WELSPUNLIV
377.1,273832,2025-03-13,FIRSTCRY
18.91,129745,2025-03-13,COMPUSOFT
438.5,17085,2025-03-13,SHANTIGEAR
174.11,29686,2025-03-13,TIL
2926.55,375430,2025-03-13,TIINDIA
2596.8,8390,2025-03-13,TVSSRICHAK
464.85,44775,2025-03-13,UNIVCABLES
234.4,69636,2025-03-13,VALIANTORG
80.3,225149,2025-03-13,WCIL
1328.1,36149,2025-03-13,GANECOS
209.59,446854,2025-03-13,HONASA
403.0,152856,2025-03-13,RELAXO
103.87,89188,2025-03-13,GSLSU
129.13,13304,2025-03-13,HPIL
631.08,374371,2025-03-13,JUNIORBEES
295.4,13106,2025-03-13,PONNIERODE
20.77,154011,2025-03-13,PRAENG
170.71,61816,2025-03-13,SAGCEM
4737.95,17701,2025-03-13,BAYERCROP
332.1,255971,2025-03-13,BBOX
1071.35,86596,2025-03-13,INDIAGLYCO
301.95,33481,2025-03-13,INDIANHUME
482.55,667786,2025-03-13,TAJGVK
264.0,8683943,2025-03-13,WIPRO
405.55,53584,2025-03-13,BLACKBUCK
48.31,18473,2025-03-13,AMJLAND
196.29,349189,2025-03-13,IKIO
141.87,580988,2025-03-13,HDFCSML250
98.87,870254,2025-03-13,SILVERIETF
24.11,337569,2025-03-13,OSIAHYPER
562.15,424837,2025-03-13,EMAMILTD
92.28,175663,2025-03-13,GPTINFRA
1604.2,231633,2025-03-13,GRAVITA
677.35,4877884,2025-03-13,HINDALCO
304.7,27813,2025-03-13,RAMCOSYS
60.16,1256084,2025-03-13,RBA
1353.7,210122,2025-03-13,BHARTIHEXA
226.62,7146,2025-03-13,KEYFINSERV
7939.55,1182,2025-03-13,LICMFGOLD
709.1,81156,2025-03-13,MEDPLUS
171.86,343042,2025-03-13,SSWL
200.6,195265,2025-03-13,VERANDA
433.35,54834,2025-03-13,VISHNU
1813.75,21647,2025-03-13,EPIGRAL
39.02,660247,2025-03-13,ITIETF
130.97,247714,2025-03-13,PRECWIRE
2059.1,9581,2025-03-13,RPGLIFE
808.2,11011,2025-03-13,ALBERTDAVD
99.02,194729,2025-03-13,SILVER
480.65,300135,2025-03-13,CHOICEIN
261.7,170928,2025-03-13,KRBL
728.45,58697,2025-03-13,MANGLMCEM
2250.0,141817,2025-03-13,MASTEK
5236.75,126288,2025-03-13,TATAELXSI
645.3,99029,2025-03-13,GOODLUCK
6.25,10612,2025-03-13,NEXTMEDIA
20.81,2742280,2025-03-13,PHARMABEES
1236.55,19587,2025-03-13,RANEHOLDIN
1953.5,1026345,2025-03-13,ANGELONE
472.95,891102,2025-03-13,BALRAMCHIN
55.18,3248022,2025-03-13,LLOYDSENGG
9314.3,6777,2025-03-13,MAHSCOOTER
62.1,564519,2025-03-13,MODEFENCE
19.39,27305,2025-03-13,SIL
32.73,154918,2025-03-13,DBSTOCKBRO
3840.05,52898,2025-03-13,FLUOROCHEM
12.01,2749884,2025-03-13,GREENPOWER
389.6,78901,2025-03-13,ROHLTD
90.55,1100417,2025-03-13,JAICORPLTD
58.97,3942,2025-03-13,MOGSEC
25.75,31630,2025-03-13,NAGREEKEXP
684.5,9598,2025-03-13,CREATIVE
95.42,592026,2025-03-13,HDFCSILVER
247.99,1732,2025-03-13,GSEC10IETF
7328.0,145595,2025-03-13,OFSS
230.36,106521,2025-03-13,ADFFOODS
565.85,41453,2025-03-13,BAJAJELEC
139.85,7255248,2025-03-13,IREDA
215.02,25347,2025-03-13,KRISHANA
64.6,3700,2025-03-13,MARALOVER
2522.35,15565,2025-03-13,MPSLTD
609.75,77464,2025-03-13,SHIVALIK
15.28,50784,2025-03-13,OSWALSEEDS
897.1,216894,2025-03-13,GESHIP
601.45,1476114,2025-03-13,UPL
88.38,21652,2025-03-13,EMAMIPAP
24.63,1017947,2025-03-13,ALPL30IETF
1460.3,108658,2025-03-13,NETWEB
499.2,90081,2025-03-13,POCL
104.78,2973,2025-03-13,AXISCETF
1807.45,1333932,2025-03-13,BAJAJFINSV
33.42,55764,2025-03-13,KOTARISUG
576.4,730505,2025-03-13,MOTILALOFS
150.88,48286431,2025-03-13,TATASTEEL
118.57,315570,2025-03-13,DHAMPURSUG
116.93,376223,2025-03-13,ELIN
119.22,715666,2025-03-13,HEMIPROP
192.19,6436,2025-03-13,HISARMETAL
326.2,293288,2025-03-13,RSYSTEMS
15.91,4705192,2025-03-13,ALOKINDS
584.8,35811,2025-03-13,ASAHIINDIA
261.05,34790,2025-03-13,CAPITALSFB
24.65,68585,2025-03-13,FINIETF
625.6,9965,2025-03-13,JPOLYINVST
115.56,91076,2025-03-13,JTEKTINDIA
78.19,141129,2025-03-13,KANORICHEM
47.87,11392,2025-03-13,LICNMID100
334.55,350927,2025-03-13,LTFOODS
251.65,21485,2025-03-13,MUTHOOTCAP
1292.05,183086,2025-03-13,WOCKPHARMA
1214.55,520523,2025-03-13,ZENTEC
261.55,140507,2025-03-13,GOPAL
9.86,189737,2025-03-13,GROWWN200
258.85,17149,2025-03-13,GUJAPOLLO
1645.8,80713,2025-03-13,NEOGEN
175.71,829431,2025-03-13,NOCIL
21.52,119214,2025-03-13,NECCLTD
1718.6,525153,2025-03-13,PATANJALI
123.74,13465,2025-03-13,SMLT
7292.25,291054,2025-03-13,COFORGE
109.71,125216,2025-03-13,INDOAMIN
60.68,1347838,2025-03-13,JINDWORLD
100.42,47050,2025-03-13,KUANTUM
740.15,1311951,2025-03-13,LICI
27.32,1341,2025-03-13,WILLAMAGOR
450.6,140849,2025-03-13,DEEPINDS
391.1,754898,2025-03-13,ELECON
77.55,17994296,2025-03-13,HFCL
61.61,647974,2025-03-13,NEXT50IETF
84.84,239771,2025-03-13,SATINDLTD
300.1,76092,2025-03-13,ASHIANA
243.35,184,2025-03-13,IDFNIFTYET
2553.7,769797,2025-03-13,BEML
153.56,2171253,2025-03-13,IEX
678.3,202187,2025-03-13,JUBLINGREA
671.6,4063235,2025-03-13,KEC
1121.8,200283,2025-03-13,LLOYDSME
230.99,1350,2025-03-13,MOM50
1497.25,217718,2025-03-13,BECTORFOOD
5022.4,860279,2025-03-13,TRENT
31.96,77704,2025-03-13,TICL
689.75,31388,2025-03-13,WESTLIFE
146.76,77969,2025-03-13,CYBERTECH
361.15,8314,2025-03-13,FAZE3Q
3769.4,15452,2025-03-13,FINEORG
573.85,1204,2025-03-13,GLOSTERLTD
992.95,150373,2025-03-13,HOMEFIRST
75.11,7315572,2025-03-13,GOLDIETF
23.79,228742,2025-03-13,NECLIFE
8.85,485840,2025-03-13,NILAINFRA
248.3,13693,2025-03-13,RACE
978.25,1632,2025-03-13,RVTH
1094.75,516686,2025-03-13,AUROPHARMA
162.41,4976604,2025-03-13,INOXWIND
6.77,91130,2025-03-13,LYPSAGEMS
243.2,339648,2025-03-13,SPANDANA
79.89,2068197,2025-03-13,STLTECH
1148.7,129024,2025-03-13,SUVENPHAR
24.39,5099447,2025-03-13,TRIDENT
670.9,4769,2025-03-13,DICIND
1303.35,2045313,2025-03-13,GRSE
699.6,59164,2025-03-13,GOCOLORS
294.1,79209,2025-03-13,NUVOCO
168.44,718737,2025-03-13,PENIND
76.52,93735,2025-03-13,SAURASHCEM
788.1,158251,2025-03-13,ANURAS
1372.8,864931,2025-03-13,APLAPOLLO
54.24,221856,2025-03-13,MOMOMENTUM
266.65,73401,2025-03-13,SESHAPAPER
36.56,359962,2025-03-13,USK
144.05,9246,2025-03-13,WORTH
287.42,3036,2025-03-13,EQUAL50ADD
7.0,649450,2025-03-13,EXXARO
262.45,83450,2025-03-13,GREENPLY
865.85,83087,2025-03-13,SALZERELEC
8.75,109512,2025-03-13,ABSLPSE
190.6,189505,2025-03-13,KCP
138.64,1973510,2025-03-13,LTF
85.33,308574,2025-03-13,GOLDETF
44.42,36202,2025-03-13,JAIPURKURT
2071.55,8389,2025-03-13,SUNCLAY
2250.9,413139,2025-03-13,TVSMOTOR
789.05,13602,2025-03-13,YUKEN
414.65,247095,2025-03-13,AADHARHFC
172.12,1943279,2025-03-13,ASHOKA
87.62,192530,2025-03-13,INDSWFTLAB
1579.85,7822888,2025-03-13,INFY
860.1,149561,2025-03-13,KAJARIACER
39.7,17024,2025-03-13,MOHEALTH
130.35,187362,2025-03-13,MUFTI
421.15,28186,2025-03-13,GOACARBON
40099.25,8237,2025-03-13,PAGEIND
4.49,1532308,2025-03-13,RAJMET
115.94,2331667,2025-03-13,RCF
81.12,76157,2025-03-13,ZIMLAB
783.1,43038,2025-03-13,AJMERA
16.05,471129,2025-03-13,ANMOL
296.1,466058,2025-03-13,APTUS
12.95,63249,2025-03-13,ASTRON
612.85,87483,2025-03-13,BFUTILITIE
1108.25,1806544,2025-03-13,BDL
267.29,788,2025-03-13,LICNFNHGP
49.4,583236,2025-03-13,MCLOUD
34.57,365594,2025-03-13,MBLINFRA
396.85,182832,2025-03-13,WSTCSTPAPR
482.4,213718,2025-03-13,GNFC
419.05,53032,2025-03-13,IGPL
174.89,574081,2025-03-13,FINPIPE
48.88,45650,2025-03-13,HDFCNIFBAN
93.95,45738,2025-03-13,PFOCUS
28.03,152640,2025-03-13,SBINEQWETF
69.28,93967,2025-03-13,AUTOIND
2640.7,55379,2025-03-13,CEATLTD
58.22,84766,2025-03-13,PSUBNKIETF
193.73,13958,2025-03-13,SUKHJITS
4.3,3601359,2025-03-13,DAVANGERE
2452.35,43615,2025-03-13,ETHOSLTD
881.2,116530,2025-03-13,GLOBUSSPR
134.27,91360,2025-03-13,NAVNETEDUL
212.94,16033,2025-03-13,PRIMESECU
999.99,2507,2025-03-13,LIQUIDSBI
347.35,709201,2025-03-13,ORIENTCEM
489.12,30732,2025-03-13,SETFNIFBK
196.63,5293921,2025-03-13,ASHOKLEY
8420.45,1217351,2025-03-13,BAJFINANCE
184.76,4900,2025-03-13,MANOMAY
509.8,25352,2025-03-13,MATRIMONY
510.45,250013,2025-03-13,MINDACORP
1463.05,49957,2025-03-13,SHARDAMOTR
49.26,52618,2025-03-13,TEXMOPIPES
893.0,46874,2025-03-13,WINDLAS
145.58,1547267,2025-03-13,HIMATSEIDE
156.12,325835,2025-03-13,RAJESHEXPO
83.32,808008,2025-03-13,SBFC
65.08,6790,2025-03-13,ADL
855.65,87,2025-03-13,KAUSHALYA
33.14,23977,2025-03-13,MURUDCERA
4.52,150258,2025-03-13,SUVIDHAA
127.19,1957276,2025-03-13,TEXRAIL
4229.25,14081,2025-03-13,VESUVIUS
283.5,434748,2025-03-13,VIPIND
891.65,51966,2025-03-13,AETHER
14.43,37968,2025-03-13,CINEVISTA
1299.3,120840,2025-03-13,IPCALAB
3315.7,4422,2025-03-13,KIRLOSIND
35.14,2764,2025-03-13,NGIL
28.77,103417,2025-03-13,SHIVAMAUTO
10097.15,252649,2025-03-13,SOLARINDS
285.15,20942,2025-03-13,SRGHFL
35.2,2531661,2025-03-13,UCOBANK
2809.75,147421,2025-03-13,DOMS
223.97,128608,2025-03-13,HLEGLAS
139.42,45704,2025-03-13,NV20BEES
95.21,6450093,2025-03-13,SILVERBEES
86.42,518079,2025-03-13,SANSTAR
100.16,10232062,2025-03-13,ZEEL
386.1,2214,2025-03-13,GEECEE
384.55,485463,2025-03-13,GICRE
1178.05,117605,2025-03-13,MEDANTA
91.54,1026495,2025-03-13,NAVKARCORP
4877.55,9035,2025-03-13,SANOFICONR
298.65,60248,2025-03-13,APCOTEXIND
327.95,50530,2025-03-13,APOLLOPIPE
3797.1,2325270,2025-03-13,DMART
915.95,1562,2025-03-13,IMPAL
314.9,796867,2025-03-13,KAMATHOTEL
458.25,242248,2025-03-13,MSTCLTD
105.82,228279,2025-03-13,SHALPAINTS
946.1,907521,2025-03-13,TATACONSUM
9.63,1211944,2025-03-13,TATSILV
1149.05,252699,2025-03-13,GODREJIND
45.32,191120,2025-03-13,HPAL
133.47,18000,2025-03-13,HEALTHIETF
1038.75,382148,2025-03-13,OLECTRA
888.15,509422,2025-03-13,PREMIERENE
12126.95,5814,2025-03-13,PTCIL
138.15,103591,2025-03-13,PYRAMID
13.89,331821,2025-03-13,RANASUG
1224.1,223786,2025-03-13,RAYMOND
873.65,11779180,2025-03-13,ADANIGREEN
15.08,7588,2025-03-13,ADROITINFO
105.99,122,2025-03-13,ABGSEC
2.24,117728,2025-03-13,KANANIIND
49.24,133502,2025-03-13,KHAICHEM
36.51,68205,2025-03-13,AAREYDRUGS
1274.05,10349,2025-03-13,APOLSINHOT
23.5,871288,2025-03-13,CENTRUM
610.95,61526,2025-03-13,IMFA
188.83,9094,2025-03-13,TREJHARA
62.96,85199,2025-03-13,UTINEXT50
605.45,1662890,2025-03-13,FORTIS
103.07,99217,2025-03-13,GROWWLIQID
1507.2,150159,2025-03-13,ONESOURCE
462.7,72046,2025-03-13,RAMKY
440.4,7661,2025-03-13,AARTISURF
1151.25,170872,2025-03-13,ACE
1238.3,518503,2025-03-13,ASTRAL
552.65,634676,2025-03-13,ITDCEM
1968.45,374359,2025-03-13,LUPIN
3343.75,101656,2025-03-13,SUPREMEIND
706.55,775,2025-03-13,ELDEHSG
836.75,727098,2025-03-13,ISEC
203.61,14704,2025-03-13,NATCAPSUQ
13.99,149434,2025-03-13,PATINTLOG
206.7,65729,2025-03-13,RISHABH
363.55,54514,2025-03-13,CREST
772.1,30973,2025-03-13,HAPPYFORGE
843.45,44949,2025-03-13,NIBE
48.97,283973,2025-03-13,ONMOBILE
92.59,263126,2025-03-13,ALEMBICLTD
897.7,24749,2025-03-13,MAITHANALL
285.9,9993,2025-03-13,STARTECK
740.95,20703,2025-03-13,STOVEKRAFT
637.0,81485,2025-03-13,TATVA
151.23,114250,2025-03-13,TVTODAY
158.26,235465,2025-03-13,UGROCAP
5.05,69497,2025-03-13,DNAMEDIA
7774.3,20416,2025-03-13,GILLETTE
121.37,729356,2025-03-13,RGL
21.5,125719,2025-03-13,SAKHTISUG
186.71,1859697,2025-03-13,KARURVYSYA
229.54,92410,2025-03-13,KIOCL
570.55,784658,2025-03-13,KIMS
59.52,28546,2025-03-13,SURYALAXMI
694.3,1108269,2025-03-13,TITAGARH
54.42,534424,2025-03-13,RADIANTCMS
885.05,38917,2025-03-13,ADORWELD
4728.25,284758,2025-03-13,BRITANNIA
4378.2,155991,2025-03-13,LTTS
91.71,34422,2025-03-13,MENONBE
1257.6,113632,2025-03-13,MTARTECH
29.24,1229,2025-03-13,NAGREEKCAP
1043.23,17053,2025-03-13,LIQUIDSHRI
619.55,5273706,2025-03-13,SHRIRAMFIN
100.14,227883,2025-03-13,TEXINFRA
2.65,2327104,2025-03-13,FCSSOFT
141.2,321757,2025-03-13,FUSION
205.48,7136,2025-03-13,AKSHARCHEM
68.23,238688,2025-03-13,ANDHRSUGAR
71.68,1049303,2025-03-13,ARIHANTCAP
34.88,28485,2025-03-13,AROGRANITE
1948.6,175519,2025-03-13,DEEPAKNTR
1062.39,1126861,2025-03-13,LIQUIDADD
32.21,163134,2025-03-13,GROWWRAIL
834.97,25633,2025-03-13,SENSEXIETF
19.81,917626,2025-03-13,ALMONDZ
1444.7,754263,2025-03-13,CHOLAFIN
1649.15,43839,2025-03-13,CONCORDBIO
768.7,128281,2025-03-13,INDIASHLTR
1206.45,483157,2025-03-13,KPITTECH
504.05,90376,2025-03-13,SHANKARA
132.4,10878,2025-03-13,SMARTLINK
209.89,201061,2025-03-13,DCAL
2521.15,97430,2025-03-13,ECLERX
90.44,82172,2025-03-13,EMMBI
223.04,315820,2025-03-13,FINOPB
193.07,63265,2025-03-13,HEIDELBERG
77.59,1062316,2025-03-13,NFL
1331.9,6227774,2025-03-13,POLICYBZR
450.0,418766,2025-03-13,RATEGAIN
138.09,112534,2025-03-13,RBZJEWEL
485.8,1626551,2025-03-13,AMBUJACEM
156.34,3993,2025-03-13,IVP
48.88,76030206,2025-03-13,MTNL
194.4,651006,2025-03-13,MARKSANS
410.3,359,2025-03-13,SVLL
10.54,29432,2025-03-13,TGBHOTELS
3521.85,3905,2025-03-13,PILANIINVS
2231.3,747500,2025-03-13,ASIANPAINT
101.62,95492,2025-03-13,LINC
311.6,24958,2025-03-13,MBAPL
1028.7,28440,2025-03-13,MANORAMA
97.41,17275,2025-03-13,DCM
85.46,57784,2025-03-13,GOLDETFADD
86.0,180359,2025-03-13,FEDFINA
107.57,7083673,2025-03-13,SAMMAANCAP
10.57,199564,2025-03-13,CELEBRITY
26.14,2336,2025-03-13,MSCIINDIA
2886.4,36058,2025-03-13,ANUP
73.65,266547,2025-03-13,GOLDSHARE
582.85,13204,2025-03-13,WHEELS
1421.55,171236,2025-03-13,GVT&D
300.7,88450,2025-03-13,RAJRATAN
382.15,26547,2025-03-13,ARIHANTSUP
1632.5,8317331,2025-03-13,BHARTIARTL
819.75,153768,2025-03-13,JUSTDIAL
44.14,650248,2025-03-13,SNOWMAN
38.0,20019,2025-03-13,SOMATEX
988.7,8447,2025-03-13,STEELCAS
23.65,148286,2025-03-13,VIRINCHI
59.24,379845,2025-03-13,VISAKAIND
61.86,384167,2025-03-13,BODALCHEM
955.65,82939,2025-03-13,CARBORUNIV
308.5,1761506,2025-03-13,IGIL
1822.85,304183,2025-03-13,JCHAC
330.8,369413,2025-03-13,JYOTHYLAB
2897.05,10152,2025-03-13,KDDL
138.76,24419,2025-03-13,MIDCAP
712.3,247659,2025-03-13,KSB
26.08,228112,2025-03-13,MAGNUM
194.59,14801,2025-03-13,RUBYMILLS
237.37,1019595,2025-03-13,TIRUMALCHM
354.1,2502,2025-03-13,UNITEDTEA
1348.45,4046,2025-03-13,DPABHUSHAN
8.41,77234,2025-03-13,GOYALALUM
622.4,2211232,2025-03-13,HDFCLIFE
1260.75,284931,2025-03-13,RAINBOW
275.5,78201,2025-03-13,RPTECH
115.6,52347,2025-03-13,DEVIT
699.7,19949,2025-03-13,NDRAUTO
321.2,84934,2025-03-13,NITINSPIN
2729.9,349417,2025-03-13,PIDILITIND
54.15,729931,2025-03-13,SANGHIIND
953.9,10088,2025-03-13,AGARIND
334.2,234616,2025-03-13,BANCOINDIA
46.79,182146,2025-03-13,IRISDOREME
139.06,777600,2025-03-13,MANINFRA
355.6,385813,2025-03-13,MAXESTATES
180.85,19581,2025-03-13,SOMICONVEY
63.8,14456872,2025-03-13,NMDC
1106.95,114348,2025-03-13,IFBIND
34.37,53324,2025-03-13,INDORAMA
264.3,1876469,2025-03-13,JSWINFRA
9.97,101147,2025-03-13,CONSUMER
13.51,112267,2025-03-13,SHANTI
78.61,54849,2025-03-13,BANKA
28.71,93502,2025-03-13,JISLDVREQS
252.65,2667752,2025-03-13,SENCO
190.86,43411,2025-03-13,SMSPHARMA
36.98,44053,2025-03-13,VASWANI
579.2,66267,2025-03-13,DATAMATICS
658.1,2911477,2025-03-13,DLF
20.63,83467,2025-03-13,DRCSYSTEMS
33.67,891,2025-03-13,NEXT30ADD
827.6,129559,2025-03-13,EMUDHRA
32.02,432184,2025-03-13,HMAAGRO
489.0,9306,2025-03-13,RAMRAT
116.88,14502,2025-03-13,RUCHIRA
242.97,1549,2025-03-13,SBIETFPB
1527.6,16490,2025-03-13,GRINDWELL
72.86,25642,2025-03-13,OILCOUNTUB
666.45,191817,2025-03-13,AGI
6365.5,460862,2025-03-13,AMBER
91.03,1140300,2025-03-13,J&KBANK
118.23,8131,2025-03-13,KANPRPLA
208.53,594403,2025-03-13,KNRCON
1779.45,46743,2025-03-13,SHRIPISTON
1591.4,26492,2025-03-13,VENKEYS
333.85,59737,2025-03-13,EIHAHOTELS
16.91,503902,2025-03-13,PRITIKAUTO
30.25,1516528,2025-03-13,PFS
82.9,25685980,2025-03-13,CANBK
1040.16,263326,2025-03-13,LIQUID1
1626.1,86124,2025-03-13,METROPOLIS
158.74,150752,2025-03-13,VRAJ
1352.4,26468,2025-03-13,HESTERBIO
626.7,29117,2025-03-13,PSPPROJECT
75.37,1322,2025-03-13,AXSENSEX
28.4,142795,2025-03-13,MIRZAINT
89.82,22196,2025-03-13,MOVALUE
1050.1,578,2025-03-13,SMSLIFE
571.85,748781,2025-03-13,ACI
1549.05,12129,2025-03-13,AUTOAXLES
151.06,336530,2025-03-13,BLSE
1.47,1476018,2025-03-13,INVENTURE
36.61,8429,2025-03-13,RETAIL
74.94,5663,2025-03-13,SENSEXETF
59.62,59293,2025-03-13,MRO-TEK
1277.3,17194,2025-03-13,TEGA
8.33,450340,2025-03-13,GTL
380.55,37188,2025-03-13,HARSHA
99.05,132301,2025-03-13,ICICIB22
290.75,179966,2025-03-13,QUICKHEAL
207.44,291660,2025-03-13,RALLIS
105.19,4478,2025-03-13,SBIETFCON
112.75,4532977,2025-03-13,APOLLO
502.85,2271528,2025-03-13,AUBANK
706.8,44117,2025-03-13,KRSNAA
442.8,98729,2025-03-13,MOLDTKPAC
810.1,698978,2025-03-13,WELCORP
136.22,484232,2025-03-13,EXICOM
66.41,510023,2025-03-13,GEOJITFSL
434.85,2049,2025-03-13,HINDCOMPOS
1644.45,738740,2025-03-13,HYUNDAI
201.84,4387080,2025-03-13,PPLPHARMA
189.77,193376,2025-03-13,ADSL
4485.75,22836,2025-03-13,BASF
96.35,104234,2025-03-13,SILVER1
31.54,748274,2025-03-13,TREL
156.89,380736,2025-03-13,VPRPL
201.43,60780855,2025-03-13,ZOMATO
204.87,2186092,2025-03-13,DAMCAPITAL
36.35,832764,2025-03-13,FILATEX
186.91,161412,2025-03-13,HUHTAMAKI
170.83,251763,2025-03-13,NORTHARC
1693.25,688695,2025-03-13,ANANDRATHI
445.95,504764,2025-03-13,BALUFORGE
430.45,179768,2025-03-13,CHEMPLASTS
526.95,39036,2025-03-13,LINCOLN
56.96,541779,2025-03-13,MICEL
780.85,601445,2025-03-13,NATCOPHARM
147.74,509893,2025-03-13,ARKADE
1236.45,109731,2025-03-13,BATAINDIA
561.2,12694,2025-03-13,BUTTERFLY
4735.05,11264,2025-03-13,CRAFTSMAN
4700.85,553796,2025-03-13,INDIGO
493.99,239498,2025-03-13,BANKNIFTY1
1076.75,45054,2025-03-13,METROBRAND
3056.05,170542,2025-03-13,TORNTPHARM
403.85,56985,2025-03-13,DLINKINDIA
136.54,64302,2025-03-13,DBEIL
37.52,15528,2025-03-13,HDFCNIFIT
885.95,280007,2025-03-13,PEL
406.65,7901302,2025-03-13,RECLTD
120.79,41834,2025-03-13,REMSONSIND
7.52,475998,2025-03-13,RUCHINFRA
1997.45,58723,2025-03-13,SAFARI
1385.55,911321,2025-03-13,SBILIFE
48.23,47610,2025-03-13,BANKBETF
537.55,223921,2025-03-13,CELLO
166.66,14016,2025-03-13,CORDSCABLE
42.8,11401951,2025-03-13,IRB
309.3,523718,2025-03-13,MAHLIFE
241.77,51213,2025-03-13,MASFIN
394.35,317742,2025-03-13,SKIPPER
125.75,247163,2025-03-13,TNPL
50.11,742570,2025-03-13,TRACXN
208.4,111408,2025-03-13,GOKULAGRO
12033.5,95240,2025-03-13,POWERINDIA
41.97,41606,2025-03-13,HOVS
113.79,64282,2025-03-13,CONSUMBEES
68.79,166196,2025-03-13,SATIA
342.05,27094,2025-03-13,INNOVANA
47.14,61449,2025-03-13,MANAKSTEEL
76.34,69090,2025-03-13,SIKKO
1663.1,12843543,2025-03-13,DATAPATTNS
728.2,216262,2025-03-13,GANDHITUBE
853.9,12363,2025-03-13,HIRECT
187.87,4512355,2025-03-13,NATIONALUM
13.97,29883251,2025-03-13,PCJEWELLER
89.87,6464,2025-03-13,PRITI
73.51,32467,2025-03-13,RELIABLE
737.05,476916,2025-03-13,AEGISLOG
1644.4,61172,2025-03-13,BBTC
929.0,5709758,2025-03-13,KRN
75.88,6779,2025-03-13,SHIVAMILLS
49.49,55522,2025-03-13,TARMAT
290.4,21600,2025-03-13,VENUSREM
99.44,14894380,2025-03-13,VMM
422.95,308000,2025-03-13,AGARWALEYE
1284.08,4233,2025-03-13,EBBETF0425
20.78,122183,2025-03-13,GINNIFILA
790.1,149044,2025-03-13,ORCHPHARMA
84.92,20399,2025-03-13,SAH
35.25,27632,2025-03-13,BRNL
325.65,1600482,2025-03-13,BLS
672.35,31592987,2025-03-13,INDUSINDBK
309.9,25895,2025-03-13,JGCHEM
3053.95,248157,2025-03-13,KEI
6107.5,44756,2025-03-13,TATAINVEST
144.14,429900,2025-03-13,NIACL
115.5,1248,2025-03-13,TOKYOPLAST
57.29,2104200,2025-03-13,EQUITASBNK
304.35,139211,2025-03-13,ORIENTTECH
238.53,72173,2025-03-13,PURVA
241.09,377,2025-03-13,SALONA
25.72,9298,2025-03-13,AKASH
222.41,81439,2025-03-13,APEX
123.77,114422,2025-03-13,KECL
167.96,55102,2025-03-13,MINDTECK
486.35,254307,2025-03-13,SUMICHEM
54.58,43837645,2025-03-13,SUZLON
1322.5,21637,2025-03-13,FIEMIND
703.5,278689,2025-03-13,GENESYS
101.7,738881,2025-03-13,GAEL
92.8,4955636,2025-03-13,PARADEEP
610.2,196157,2025-03-13,QUESS
28.25,63204,2025-03-13,KMSUGAR
430.1,87321,2025-03-13,LAXMIDENTL
1052.55,158109,2025-03-13,MFSL
480.8,42684,2025-03-13,SHOPERSTOP
87.25,937191,2025-03-13,DELTACORP
322.7,10681,2025-03-13,DVL
70.77,320234,2025-03-13,CLEDUCATE
125.67,10882226,2025-03-13,IOC
80.29,142486,2025-03-13,SPORTKING
801.55,811034,2025-03-13,RAMCOCEM
98.5,57484,2025-03-13,VETO
1013.55,758015,2025-03-13,VIJAYA
1085.6,21606,2025-03-13,XPROINDIA
247.7,3015,2025-03-13,ASPINWALL
1305.55,32568,2025-03-13,AURIONPRO
114.29,255586,2025-03-13,BLISSGVS
594.8,163020,2025-03-13,JASH
61.83,94554,2025-03-13,JAYBARMARU
292.75,65186,2025-03-13,JNKINDIA
44.47,979303,2025-03-13,SCILAL
550.25,29458,2025-03-13,SUBROS
3010.15,785215,2025-03-13,TITAN
5.42,11183,2025-03-13,UMESLTD
819.15,1284,2025-03-13,WELINV
443.5,1423387,2025-03-13,ELGIEQUIP
225.43,16105085,2025-03-13,ONGC
270.65,1747560,2025-03-13,MOBIKWIK
121.76,13500910,2025-03-13,MOTHERSON
147.63,56975,2025-03-13,NATHBIOGEN
286.05,14138,2025-03-13,PODDARMENT
690.9,13999,2025-03-13,ALICON
40.14,19656,2025-03-13,AMDIND
299.95,37111,2025-03-13,CLSEL
313.25,984259,2025-03-13,IIFL
377.75,711563,2025-03-13,KPIGREEN
36.85,1797039,2025-03-13,SIGACHI
796.1,342005,2025-03-13,TATACHEM
244.4,38785,2025-03-13,UTINIFTETF
412.4,216677,2025-03-13,VARROC
248.55,3222,2025-03-13,DCI
514.9,126104,2025-03-13,EUREKAFORB
58.17,5117,2025-03-13,HDFCPSUBK
493.18,368388,2025-03-13,BANKBEES
331.9,8965150,2025-03-13,NTPC
245.15,16793,2025-03-13,ORIENTBELL
2191.05,164602,2025-03-13,RADICO
237.31,338030,2025-03-13,SETFNIF50
49.0,334,2025-03-13,ABMINTLLTD
599.1,1390950,2025-03-13,CGPOWER
581.45,270715,2025-03-13,ITDC
184.88,1995244,2025-03-13,IGL
260.61,1554142,2025-03-13,JINDALSAW
37.66,629,2025-03-13,ESG
18.16,643231,2025-03-13,MIDCAPETF
103.17,68817,2025-03-13,DONEAR
1002.34,3489,2025-03-13,HDFCLIQUID
48.21,250276,2025-03-13,NOVAAGRI
31.81,70828,2025-03-13,ORIENTCER
27.02,66512,2025-03-13,AMBICAAGAR
262.47,273610,2025-03-13,CANTABIL
436.55,201492,2025-03-13,CMSINFO
141.55,34679,2025-03-13,KOTHARIPET
523.05,6687,2025-03-13,MAGADSUGAR
346.05,200525,2025-03-13,MAMATA
61.86,111369,2025-03-13,MANAKSIA
13.88,114208,2025-03-13,MULTICAP
1564.5,593633,2025-03-13,PHOENIXLTD
306.0,380839,2025-03-13,USHAMART
34.37,1587145,2025-03-13,VASCONEQ
184.85,100926,2025-03-13,ECOSMOBLTY
161.48,10931576,2025-03-13,ENGINERSIN
1969.1,410231,2025-03-13,GODREJPROP
73.92,207780,2025-03-13,OMAXE
623.1,250662,2025-03-13,ASTRAMICRO
81.24,1533487,2025-03-13,CPSEETF
46.46,574866,2025-03-13,MASPTOP50
73.02,23730,2025-03-13,MITCON
249.0,27726,2025-03-13,SIGMA
85.42,3596563,2025-03-13,SJVN
365.25,349864,2025-03-13,TRIVENI
344.25,2415616,2025-03-13,CROMPTON
96.25,7543954,2025-03-13,NTPCGREEN
88.14,485792,2025-03-13,OCCLLTD
88.03,25232,2025-03-13,OMAXAUTO
39.46,40627,2025-03-13,RAJSREESUG
242.45,789837,2025-03-13,RELIGARE
137.47,1217039,2025-03-13,SAMHI
1025.55,97323,2025-03-13,KIRLPNU
54.46,243284,2025-03-13,BALAJEE
0.67,3943637,2025-03-13,GATECH
50.53,25678,2025-03-13,GLOBAL
38.97,3644589,2025-03-13,ITBEES
6.75,170490,2025-03-13,PRAKASHSTL
54.39,878817,2025-03-13,ACLGATI
1585.8,67820,2025-03-13,MAPMYINDIA
267.9,294271,2025-03-13,JKTYRE
61.36,253583,2025-03-13,MANALIPETC
1203.55,73736,2025-03-13,SOBHA
1192.35,238536,2025-03-13,CYIENT
1002.5,19218,2025-03-13,DSSL
59.78,79730,2025-03-13,HDFCNEXT50
536.6,429559,2025-03-13,ICICIPRULI
44.8,600,2025-03-13,ROML
152.52,87191,2025-03-13,SAKSOFT
37.54,134007,2025-03-13,COASTCORP
652.35,482961,2025-03-13,KIRLOSENG
160.79,379988,2025-03-13,KITEX
96.63,14944,2025-03-13,SILVRETF
73.63,202711,2025-03-13,MUFIN
11883.05,18799,2025-03-13,ZFCVINDIA
9.29,369239,2025-03-13,BAIDFIN
40.08,24352,2025-03-13,BVCL
979.85,132342,2025-03-13,INOXINDIA
20.91,1576221,2025-03-13,ALPHAETF
205.98,347047,2025-03-13,SHALBY
59.98,39280,2025-03-13,SRD
1254.75,45777,2025-03-13,ERIS
1534.75,1983351,2025-03-13,HCLTECH
81.31,43986,2025-03-13,INFRAIETF
682.85,3383930,2025-03-13,PAYTM
225.76,61992,2025-03-13,RAMCOIND
237.95,281461,2025-03-13,STYLEBAAZA
159.3,242560,2025-03-13,BAJEL
224.65,365912,2025-03-13,KANSAINER
96.33,20426,2025-03-13,NAHARINDUS
20.95,47802,2025-03-13,SECURKLOUD
86.87,29728,2025-03-13,ZODIACLOTH
3858.2,68774,2025-03-13,GRWRHITECH
12.22,3987,2025-03-13,HYBRIDFIN
72.82,9102052,2025-03-13,GOLDBEES
240.47,33528,2025-03-13,NIF100BEES
34.24,4052733,2025-03-13,NSLNISP
464.65,139826,2025-03-13,SANDUMA
783.2,2201144,2025-03-13,ADANIENSOL
11320.2,40038,2025-03-13,BAJAJHLDNG
15.73,17148,2025-03-13,CCHHL
17.95,9551832,2025-03-13,INFIBEAM
708.2,70484,2025-03-13,JKLAKSHMI
999.99,146274,2025-03-13,LIQUID
48.24,19903,2025-03-13,SHAHALLOYS
23.78,4013647,2025-03-13,SOUTHBANK
700.25,42042,2025-03-13,THYROCARE
12.43,26166,2025-03-13,TREEHOUSE
3006.05,947,2025-03-13,VHL
86.72,2110189,2025-03-13,EDELWEISS
1051.8,119657,2025-03-13,GMMPFAUDLR
1000.0,2795144,2025-03-13,LIQUIDBEES
404.1,238153,2025-03-13,OPTIEMUS
415.8,64691,2025-03-13,ATULAUTO
327.0,6340342,2025-03-13,INDUSTOWER
645.35,362104,2025-03-13,INTELLECT
130.4,16145,2025-03-13,MODISONLTD
390.6,15313,2025-03-13,ZODIAC
1024.0,58851,2025-03-13,ALIVUS
12.24,1537347,2025-03-13,ATALREAL
173.56,117558,2025-03-13,BHARATWIRE
15.07,23113,2025-03-13,MANUGRAPH
119.33,40026749,2025-03-13,MRPL
281.0,330712,2025-03-13,CSBBANK
153.75,47926,2025-03-13,DCMNVL
18.05,236552,2025-03-13,HDFCMID150
414.7,210555,2025-03-13,PRICOLLTD
66.32,86619,2025-03-13,RKEC
8.89,412781,2025-03-13,MID150CASE
1607.1,298402,2025-03-13,DALBHARAT
13324.05,368138,2025-03-13,DIXON
171.93,306868,2025-03-13,BALMLAWRIE
15.77,234846,2025-03-13,INDOWIND
235.4,3237,2025-03-13,IITL
136.74,562282,2025-03-13,JAIBALAJI
1578.2,105405,2025-03-13,KIRLOSBROS
257.25,47532,2025-03-13,LIKHITHA
37.13,166030,2025-03-13,ITETF
1104.15,27185,2025-03-13,SMLISUZU
494.5,13003,2025-03-13,SRHHYPOLTD
15.58,1194182,2025-03-13,SYNCOMF
218.18,13640,2025-03-13,DPWIRES
441.45,890559,2025-03-13,GRAPHITE
516.1,41079,2025-03-13,GUJALKALI
22.52,1609161,2025-03-13,HINDMOTORS
9.79,1238510,2025-03-13,ORIENTALTL
3297.3,210443,2025-03-13,PIIND
874.85,112773,2025-03-13,RRKABEL
673.45,9814,2025-03-13,RBL
24.8,19062,2025-03-13,RKDL
193.66,51022,2025-03-13,20MICRONS
29597.0,5268,2025-03-13,ABBOTINDIA
3145.0,28868,2025-03-13,AIAENG
91.54,12150,2025-03-13,ANIKINDS
446.9,29076,2025-03-13,ASAL
6.49,17624,2025-03-13,INFOMEDIA
2340.35,136,2025-03-13,NBIFIN
39.2,11936,2025-03-13,SPLIL
1440.65,995812,2025-03-13,TECHM
750.45,2525352,2025-03-13,INDHOTEL
161.81,79785,2025-03-13,TBZ
1911.65,95875,2025-03-13,UBL
210.43,95855,2025-03-13,WANBURY
